liste,nomNuance,nuance,annee,election,tour,region,inscrits,votants,exprimes,voix,clef,voixPourcent,participationPourcent,blancsNulsPourcent,Couleur,codeCouleur
Alain FÉDÈLE,Divers,LDIV,2015,Régionales,1,84,5310770,2597323,2507815,21723,Régionales12015,0.87,48.91,1.69,Gris,#E0E0E0
Alain PARISOT,Divers,LDIV,2015,Régionales,1,52,2664831,1331536,1268942,16022,Régionales12015,1.26,49.97,2.35,Gris,#E0E0E0
Charles-Henri GALLOIS,Divers,LDIV,2015,Régionales,1,27,1996679,1009561,962968,8835,Régionales12015,0.92,50.56,2.33,Gris,#E0E0E0
Daniel ROMANI,Divers,LDIV,2015,Régionales,1,93,3526091,1831409,1775257,10752,Régionales12015,0.61,51.94,1.59,Gris,#E0E0E0
David APPADOO,Divers,LDIV,2015,Régionales,1,04,625471,278009,265794,1264,Régionales12015,0.48,44.45,1.95,Gris,#E0E0E0
David WENTZEL,Divers,LDIV,2015,Régionales,1,44,3885530,1861600,1777643,19171,Régionales12015,1.08,47.91,2.16,Gris,#E0E0E0
Dawari HORSFALL,Divers,LDIV,2015,Régionales,1,11,7087089,3252700,3153293,7096,Régionales12015,0.23,45.9,1.4,Gris,#E0E0E0
Eric MASCARO,Divers,LDIV,2015,Régionales,1,32,4237839,2322851,2236792,14345,Régionales12015,0.64,54.81,2.03,Gris,#E0E0E0
François ASSELINEAU,Divers,LDIV,2015,Régionales,1,11,7087089,3252700,3153293,29755,Régionales12015,0.94,45.9,1.4,Gris,#E0E0E0
Jean-Christophe LOUTRE,Divers,LDIV,2015,Régionales,1,28,2390813,1194273,1144411,10641,Régionales12015,0.93,49.95,2.09,Gris,#E0E0E0
Jean-François GOURVENEC,Divers,LDIV,2015,Régionales,1,53,2421863,1249241,1202276,10412,Régionales12015,0.87,51.58,1.94,Gris,#E0E0E0
Mathias PAYET,Divers,LDIV,2015,Régionales,1,04,625471,278009,265794,3895,Régionales12015,1.47,44.45,1.95,Gris,#E0E0E0
Nathalie JOS,Divers,LDIV,2015,Régionales,1,02,310723,127716,120629,3868,Régionales12015,3.21,41.1,2.28,Gris,#E0E0E0
Nizarr BOURCHADA,Divers,LDIV,2015,Régionales,1,11,7087089,3252700,3153293,12528,Régionales12015,0.4,45.9,1.4,Gris,#E0E0E0
Sylvain DE SMET,Divers,LDIV,2015,Régionales,1,11,7087089,3252700,3153293,9547,Régionales12015,0.3,45.9,1.4,Gris,#E0E0E0
Thierry FOUQUIAU,Divers,LDIV,2015,Régionales,1,24,1817345,900317,859957,12759,Régionales12015,1.48,49.54,2.22,Gris,#E0E0E0
William DOUET,Divers,LDIV,2015,Régionales,1,75,4269146,2175973,2068865,19050,Régionales12015,0.92,50.97,2.51,Gris,#E0E0E0
Yvan HIRIMIRIS,Divers,LDIV,2015,Régionales,1,76,4124642,2154655,2053576,14601,Régionales12015,0.71,52.24,2.45,Gris,#E0E0E0
Alain PAGANO,Parti communiste français,LCOM,2015,Régionales,1,52,2664831,1331536,1268942,42305,Régionales12015,3.33,49.97,2.35,Rouge,#EE4A40
Cécile CUKIERMAN,Parti communiste français,LCOM,2015,Régionales,1,84,5310770,2597323,2507815,135274,Régionales12015,5.39,48.91,1.69,Rouge,#EE4A40
Fabien ROUSSEL,Parti communiste français,LCOM,2015,Régionales,1,32,4237839,2322851,2236792,119081,Régionales12015,5.32,54.81,2.03,Rouge,#EE4A40
Mona CADOCE,Parti communiste français,LCOM,2015,Régionales,1,01,313433,147975,140454,1297,Régionales12015,0.92,47.21,2.4,Rouge,#EE4A40
Nicolas SANSU,Parti communiste français,LCOM,2015,Régionales,1,24,1817345,900317,859957,39453,Régionales12015,4.59,49.54,2.22,Rouge,#EE4A40
Alain PLAISIR,Divers gauche,LDVG,2015,Régionales,1,01,313433,147975,140454,2603,Régionales12015,1.85,47.21,2.4,Rose clair,#FFAECD
Alain PLAISIR,Divers gauche,LDVG,2015,Régionales,1,01,313433,147975,140454,2603,Régionales12015,1.85,47.21,2.4,Rose,#FF5E9A
Alain TIEN-LIONG,Divers gauche,LDVG,2015,Régionales,1,03,88183,37585,36130,10926,Régionales12015,30.24,42.62,1.65,Rose clair,#FFAECD
Alain TIEN-LIONG,Divers gauche,LDVG,2015,Régionales,1,03,88183,37585,36130,10926,Régionales12015,30.24,42.62,1.65,Rose,#FF5E9A
Alain TIEN-LIONG,Divers gauche,LDVG,2015,Régionales,2,03,88202,41149,38991,17695,Régionales22015,45.38,46.65,2.45,Rose clair,#FFAECD
Alain TIEN-LIONG,Divers gauche,LDVG,2015,Régionales,2,03,88202,41149,38991,17695,Régionales22015,45.38,46.65,2.45,Rose,#FF5E9A
Alexandra LECOEUR,Divers gauche,LDVG,2015,Régionales,1,28,2390813,1194273,1144411,8981,Régionales12015,0.78,49.95,2.09,Rose clair,#FFAECD
Alexandra LECOEUR,Divers gauche,LDVG,2015,Régionales,1,28,2390813,1194273,1144411,8981,Régionales12015,0.78,49.95,2.09,Rose,#FF5E9A
Ary CHALUS,Divers gauche,LDVG,2015,Régionales,1,01,313433,147975,140454,61173,Régionales12015,43.55,47.21,2.4,Rose clair,#FFAECD
Ary CHALUS,Divers gauche,LDVG,2015,Régionales,1,01,313433,147975,140454,61173,Régionales12015,43.55,47.21,2.4,Rose,#FF5E9A
Ary CHALUS,Divers gauche,LDVG,2015,Régionales,2,01,313433,179669,171277,98466,Régionales22015,57.49,57.32,2.68,Rose clair,#FFAECD
Ary CHALUS,Divers gauche,LDVG,2015,Régionales,2,01,313433,179669,171277,98466,Régionales22015,57.49,57.32,2.68,Rose,#FF5E9A
Chantal BERTHELOT,Divers gauche,LDVG,2015,Régionales,1,03,88183,37585,36130,3067,Régionales12015,8.49,42.62,1.65,Rose clair,#FFAECD
Chantal BERTHELOT,Divers gauche,LDVG,2015,Régionales,1,03,88183,37585,36130,3067,Régionales12015,8.49,42.62,1.65,Rose,#FF5E9A
Cyril JARNY,Divers gauche,LDVG,2015,Régionales,1,93,3526091,1831409,1775257,11276,Régionales12015,0.64,51.94,1.59,Rose clair,#FFAECD
Cyril JARNY,Divers gauche,LDVG,2015,Régionales,1,93,3526091,1831409,1775257,11276,Régionales12015,0.64,51.94,1.59,Rose,#FF5E9A
Daniel GROMAT,Divers gauche,LDVG,2015,Régionales,1,02,310723,127716,120629,1558,Régionales12015,1.29,41.1,2.28,Rose clair,#FFAECD
Daniel GROMAT,Divers gauche,LDVG,2015,Régionales,1,02,310723,127716,120629,1558,Régionales12015,1.29,41.1,2.28,Rose,#FF5E9A
Gilles FABRE,Divers gauche,LDVG,2015,Régionales,1,76,4124642,2154655,2053576,17093,Régionales12015,0.83,52.24,2.45,Rose clair,#FFAECD
Gilles FABRE,Divers gauche,LDVG,2015,Régionales,1,76,4124642,2154655,2053576,17093,Régionales12015,0.83,52.24,2.45,Rose,#FF5E9A
Huguette BELLO,Divers gauche,LDVG,2015,Régionales,2,04,625440,345747,329488,155896,Régionales22015,47.31,55.28,2.6,Rose clair,#FFAECD
Huguette BELLO,Divers gauche,LDVG,2015,Régionales,2,04,625440,345747,329488,155896,Régionales22015,47.31,55.28,2.6,Rose,#FF5E9A
Jean-Charles ORSUCCI,Divers gauche,LDVG,2015,Régionales,1,94,229866,137143,133989,5532,Régionales12015,4.13,59.66,1.37,Rose clair,#FFAECD
Jean-Charles ORSUCCI,Divers gauche,LDVG,2015,Régionales,1,94,229866,137143,133989,5532,Régionales12015,4.13,59.66,1.37,Rose,#FF5E9A
Jean-Hugues RATENON,Divers gauche,LDVG,2015,Régionales,1,04,625471,278009,265794,4484,Régionales12015,1.69,44.45,1.95,Rose clair,#FFAECD
Jean-Hugues RATENON,Divers gauche,LDVG,2015,Régionales,1,04,625471,278009,265794,4484,Régionales12015,1.69,44.45,1.95,Rose,#FF5E9A
Jean-Marie TAUBIRA,Divers gauche,LDVG,2015,Régionales,1,03,88183,37585,36130,349,Régionales12015,0.97,42.62,1.65,Rose clair,#FFAECD
Jean-Marie TAUBIRA,Divers gauche,LDVG,2015,Régionales,1,03,88183,37585,36130,349,Régionales12015,0.97,42.62,1.65,Rose,#FF5E9A
Jean-Pierre MASSERET,Divers gauche,LDVG,2015,Régionales,2,44,3885868,2293374,2189981,339756,Régionales22015,15.51,59.02,2.66,Rose clair,#FFAECD
Jean-Pierre MASSERET,Divers gauche,LDVG,2015,Régionales,2,44,3885868,2293374,2189981,339756,Régionales22015,15.51,59.02,2.66,Rose,#FF5E9A
Joseph BOUSSION,Divers gauche,LDVG,2015,Régionales,1,75,4269146,2175973,2068865,38315,Régionales12015,1.85,50.97,2.51,Rose clair,#FFAECD
Joseph BOUSSION,Divers gauche,LDVG,2015,Régionales,1,75,4269146,2175973,2068865,38315,Régionales12015,1.85,50.97,2.51,Rose,#FF5E9A
Line LÉTARD,Divers gauche,LDVG,2015,Régionales,1,03,88183,37585,36130,2565,Régionales12015,7.1,42.62,1.65,Rose clair,#FFAECD
Line LÉTARD,Divers gauche,LDVG,2015,Régionales,1,03,88183,37585,36130,2565,Régionales12015,7.1,42.62,1.65,Rose,#FF5E9A
Nicolas PEREIRA,Divers gauche,LDVG,2015,Régionales,1,75,4269146,2175973,2068865,24964,Régionales12015,1.21,50.97,2.51,Rose clair,#FFAECD
Nicolas PEREIRA,Divers gauche,LDVG,2015,Régionales,1,75,4269146,2175973,2068865,24964,Régionales12015,1.21,50.97,2.51,Rose,#FF5E9A
Patrick LEBRETON,Divers gauche,LDVG,2015,Régionales,1,04,625471,278009,265794,18919,Régionales12015,7.12,44.45,1.95,Rose clair,#FFAECD
Patrick LEBRETON,Divers gauche,LDVG,2015,Régionales,1,04,625471,278009,265794,18919,Régionales12015,7.12,44.45,1.95,Rose,#FF5E9A
Paul GIACOBBI,Divers gauche,LDVG,2015,Régionales,1,94,229866,137143,133989,24686,Régionales12015,18.42,59.66,1.37,Rose clair,#FFAECD
Paul GIACOBBI,Divers gauche,LDVG,2015,Régionales,1,94,229866,137143,133989,24686,Régionales12015,18.42,59.66,1.37,Rose,#FF5E9A
Paul GIACOBBI,Divers gauche,LDVG,2015,Régionales,2,94,229824,154042,149526,42607,Régionales22015,28.49,67.03,1.96,Rose clair,#FFAECD
Paul GIACOBBI,Divers gauche,LDVG,2015,Régionales,2,94,229824,154042,149526,42607,Régionales22015,28.49,67.03,1.96,Rose,#FF5E9A
Philippe SAUREL,Divers gauche,LDVG,2015,Régionales,1,76,4124642,2154655,2053576,102728,Régionales12015,5.0,52.24,2.45,Rose clair,#FFAECD
Philippe SAUREL,Divers gauche,LDVG,2015,Régionales,1,76,4124642,2154655,2053576,102728,Régionales12015,5.0,52.24,2.45,Rose,#FF5E9A
Rodolphe ALEXANDRE,Divers gauche,LDVG,2015,Régionales,1,03,88183,37585,36130,15298,Régionales12015,42.34,42.62,1.65,Rose clair,#FFAECD
Rodolphe ALEXANDRE,Divers gauche,LDVG,2015,Régionales,1,03,88183,37585,36130,15298,Régionales12015,42.34,42.62,1.65,Rose,#FF5E9A
Rodolphe ALEXANDRE,Divers gauche,LDVG,2015,Régionales,2,03,88202,41149,38991,21296,Régionales22015,54.62,46.65,2.45,Rose clair,#FFAECD
Rodolphe ALEXANDRE,Divers gauche,LDVG,2015,Régionales,2,03,88202,41149,38991,21296,Régionales22015,54.62,46.65,2.45,Rose,#FF5E9A
Serge LETCHIMY,Divers gauche,LDVG,2015,Régionales,1,02,310723,127716,120629,47002,Régionales12015,38.96,41.1,2.28,Rose clair,#FFAECD
Serge LETCHIMY,Divers gauche,LDVG,2015,Régionales,1,02,310723,127716,120629,47002,Régionales12015,38.96,41.1,2.28,Rose,#FF5E9A
Serge LETCHIMY,Divers gauche,LDVG,2015,Régionales,2,02,310455,162490,154317,70776,Régionales22015,45.86,52.34,2.63,Rose clair,#FFAECD
Serge LETCHIMY,Divers gauche,LDVG,2015,Régionales,2,02,310455,162490,154317,70776,Régionales22015,45.86,52.34,2.63,Rose,#FF5E9A
Alain ROUSSET,Union de la gauche,LUG,2015,Régionales,1,75,4269146,2175973,2068865,628667,Régionales12015,30.39,50.97,2.51,Rose clair,#FFAECD
Alain ROUSSET,Union de la gauche,LUG,2015,Régionales,1,75,4269146,2175973,2068865,628667,Régionales12015,30.39,50.97,2.51,Rose,#FF5E9A
Alain ROUSSET,Union de la gauche,LUG,2015,Régionales,2,75,4268772,2466376,2343298,1037371,Régionales22015,44.27,57.78,2.88,Rose clair,#FFAECD
Alain ROUSSET,Union de la gauche,LUG,2015,Régionales,2,75,4268772,2466376,2343298,1037371,Régionales22015,44.27,57.78,2.88,Rose,#FF5E9A
Carole DELGA,Union de la gauche,LUG,2015,Régionales,1,76,4124642,2154655,2053576,501322,Régionales12015,24.41,52.24,2.45,Rose clair,#FFAECD
Carole DELGA,Union de la gauche,LUG,2015,Régionales,1,76,4124642,2154655,2053576,501322,Régionales12015,24.41,52.24,2.45,Rose,#FF5E9A
Carole DELGA,Union de la gauche,LUG,2015,Régionales,2,76,4121310,2556086,2439233,1093091,Régionales22015,44.81,62.02,2.84,Rose clair,#FFAECD
Carole DELGA,Union de la gauche,LUG,2015,Régionales,2,76,4121310,2556086,2439233,1093091,Régionales22015,44.81,62.02,2.84,Rose,#FF5E9A
Christophe CASTANER,Union de la gauche,LUG,2015,Régionales,1,93,3526091,1831409,1775257,294398,Régionales12015,16.58,51.94,1.59,Rose clair,#FFAECD
Christophe CASTANER,Union de la gauche,LUG,2015,Régionales,1,93,3526091,1831409,1775257,294398,Régionales12015,16.58,51.94,1.59,Rose,#FF5E9A
Christophe CLERGEAU,Union de la gauche,LUG,2015,Régionales,1,52,2664831,1331536,1268942,326764,Régionales12015,25.75,49.97,2.35,Rose clair,#FFAECD
Christophe CLERGEAU,Union de la gauche,LUG,2015,Régionales,1,52,2664831,1331536,1268942,326764,Régionales12015,25.75,49.97,2.35,Rose,#FF5E9A
Christophe CLERGEAU,Union de la gauche,LUG,2015,Régionales,2,52,2664589,1525441,1452527,545594,Régionales22015,37.56,57.25,2.74,Rose clair,#FFAECD
Christophe CLERGEAU,Union de la gauche,LUG,2015,Régionales,2,52,2664589,1525441,1452527,545594,Régionales22015,37.56,57.25,2.74,Rose,#FF5E9A
Claude BARTOLONE,Union de la gauche,LUG,2015,Régionales,1,11,7087089,3252700,3153293,794322,Régionales12015,25.19,45.9,1.4,Rose clair,#FFAECD
Claude BARTOLONE,Union de la gauche,LUG,2015,Régionales,1,11,7087089,3252700,3153293,794322,Régionales12015,25.19,45.9,1.4,Rose,#FF5E9A
Claude BARTOLONE,Union de la gauche,LUG,2015,Régionales,2,11,7086172,3859296,3720165,1569262,Régionales22015,42.18,54.46,1.96,Rose clair,#FFAECD
Claude BARTOLONE,Union de la gauche,LUG,2015,Régionales,2,11,7086172,3859296,3720165,1569262,Régionales22015,42.18,54.46,1.96,Rose,#FF5E9A
François BONNEAU,Union de la gauche,LUG,2015,Régionales,1,24,1817345,900317,859957,209024,Régionales12015,24.31,49.54,2.22,Rose clair,#FFAECD
François BONNEAU,Union de la gauche,LUG,2015,Régionales,1,24,1817345,900317,859957,209024,Régionales12015,24.31,49.54,2.22,Rose,#FF5E9A
François BONNEAU,Union de la gauche,LUG,2015,Régionales,2,24,1817519,1076416,1028277,364217,Régionales22015,35.42,59.22,2.65,Rose clair,#FFAECD
François BONNEAU,Union de la gauche,LUG,2015,Régionales,2,24,1817519,1076416,1028277,364217,Régionales22015,35.42,59.22,2.65,Rose,#FF5E9A
Huguette BELLO,Union de la gauche,LUG,2015,Régionales,1,04,625471,278009,265794,63248,Régionales12015,23.8,44.45,1.95,Rose clair,#FFAECD
Huguette BELLO,Union de la gauche,LUG,2015,Régionales,1,04,625471,278009,265794,63248,Régionales12015,23.8,44.45,1.95,Rose,#FF5E9A
Jean-Jack QUEYRANNE,Union de la gauche,LUG,2015,Régionales,1,84,5310770,2597323,2507815,600112,Régionales12015,23.93,48.91,1.69,Rose clair,#FFAECD
Jean-Jack QUEYRANNE,Union de la gauche,LUG,2015,Régionales,1,84,5310770,2597323,2507815,600112,Régionales12015,23.93,48.91,1.69,Rose,#FF5E9A
Jean-Jack QUEYRANNE,Union de la gauche,LUG,2015,Régionales,2,84,5310464,3063198,2958455,1089756,Régionales22015,36.84,57.68,1.97,Rose clair,#FFAECD
Jean-Jack QUEYRANNE,Union de la gauche,LUG,2015,Régionales,2,84,5310464,3063198,2958455,1089756,Régionales22015,36.84,57.68,1.97,Rose,#FF5E9A
Jean-Pierre MASSERET,Union de la gauche,LUG,2015,Régionales,1,44,3885530,1861600,1777643,286390,Régionales12015,16.11,47.91,2.16,Rose clair,#FFAECD
Jean-Pierre MASSERET,Union de la gauche,LUG,2015,Régionales,1,44,3885530,1861600,1777643,286390,Régionales12015,16.11,47.91,2.16,Rose,#FF5E9A
Jean-Yves LE DRIAN,Union de la gauche,LUG,2015,Régionales,1,53,2421863,1249241,1202276,419846,Régionales12015,34.92,51.58,1.94,Rose clair,#FFAECD
Jean-Yves LE DRIAN,Union de la gauche,LUG,2015,Régionales,1,53,2421863,1249241,1202276,419846,Régionales12015,34.92,51.58,1.94,Rose,#FF5E9A
Jean-Yves LE DRIAN,Union de la gauche,LUG,2015,Régionales,2,53,2421628,1377445,1304825,670811,Régionales22015,51.41,56.88,3.0,Rose clair,#FFAECD
Jean-Yves LE DRIAN,Union de la gauche,LUG,2015,Régionales,2,53,2421628,1377445,1304825,670811,Régionales22015,51.41,56.88,3.0,Rose,#FF5E9A
Marie-Guite DUFAY,Union de la gauche,LUG,2015,Régionales,1,27,1996679,1009561,962968,221376,Régionales12015,22.99,50.56,2.33,Rose clair,#FFAECD
Marie-Guite DUFAY,Union de la gauche,LUG,2015,Régionales,1,27,1996679,1009561,962968,221376,Régionales12015,22.99,50.56,2.33,Rose,#FF5E9A
Marie-Guite DUFAY,Union de la gauche,LUG,2015,Régionales,2,27,1996576,1220862,1162045,402916,Régionales22015,34.67,61.15,2.95,Rose clair,#FFAECD
Marie-Guite DUFAY,Union de la gauche,LUG,2015,Régionales,2,27,1996576,1220862,1162045,402916,Régionales22015,34.67,61.15,2.95,Rose,#FF5E9A
Nicolas MAYER-ROSSIGNOL,Union de la gauche,LUG,2015,Régionales,1,28,2390813,1194273,1144411,269127,Régionales12015,23.52,49.95,2.09,Rose clair,#FFAECD
Nicolas MAYER-ROSSIGNOL,Union de la gauche,LUG,2015,Régionales,1,28,2390813,1194273,1144411,269127,Régionales12015,23.52,49.95,2.09,Rose,#FF5E9A
Nicolas MAYER-ROSSIGNOL,Union de la gauche,LUG,2015,Régionales,2,28,2390425,1412207,1360545,490847,Régionales22015,36.08,59.08,2.16,Rose clair,#FFAECD
Nicolas MAYER-ROSSIGNOL,Union de la gauche,LUG,2015,Régionales,2,28,2390425,1412207,1360545,490847,Régionales22015,36.08,59.08,2.16,Rose,#FF5E9A
Pierre DE SAINTIGNON,Union de la gauche,LUG,2015,Régionales,1,32,4237839,2322851,2236792,405199,Régionales12015,18.12,54.81,2.03,Rose clair,#FFAECD
Pierre DE SAINTIGNON,Union de la gauche,LUG,2015,Régionales,1,32,4237839,2322851,2236792,405199,Régionales12015,18.12,54.81,2.03,Rose,#FF5E9A
Alfred MARIE-JEANNE,Régionaliste,LREG,2015,Régionales,1,02,310723,127716,120629,36523,Régionales12015,30.28,41.1,2.28,Gris,#E0E0E0
Alfred MARIE-JEANNE,Régionaliste,LREG,2015,Régionales,2,02,310455,162490,154317,83541,Régionales22015,54.14,52.34,2.63,Gris,#E0E0E0
Aniel BOYER,Régionaliste,LREG,2015,Régionales,1,04,625471,278009,265794,1382,Régionales12015,0.52,44.45,1.95,Gris,#E0E0E0
Bertrand DELÉON,Régionaliste,LREG,2015,Régionales,1,53,2421863,1249241,1202276,6521,Régionales12015,0.54,51.58,1.94,Gris,#E0E0E0
Christian TROADEC,Régionaliste,LREG,2015,Régionales,1,53,2421863,1249241,1202276,80727,Régionales12015,6.71,51.58,1.94,Gris,#E0E0E0
Fabien CANAVY,Régionaliste,LREG,2015,Régionales,1,03,88183,37585,36130,2064,Régionales12015,5.71,42.62,1.65,Gris,#E0E0E0
Gilles DENIGOT,Régionaliste,LREG,2015,Régionales,1,52,2664831,1331536,1268942,16096,Régionales12015,1.27,49.97,2.35,Gris,#E0E0E0
Gilles SIMEONI,Régionaliste,LREG,2015,Régionales,1,94,229866,137143,133989,23603,Régionales12015,17.62,59.66,1.37,Gris,#E0E0E0
Gilles SIMEONI,Régionaliste,LREG,2015,Régionales,2,94,229824,154042,149526,52840,Régionales22015,35.34,67.03,1.96,Gris,#E0E0E0
Jean-Georges TROUILLET,Régionaliste,LREG,2015,Régionales,1,44,3885530,1861600,1777643,84147,Régionales12015,4.73,47.91,2.16,Gris,#E0E0E0
Jean-Guy TALAMONI,Régionaliste,LREG,2015,Régionales,1,94,229866,137143,133989,10353,Régionales12015,7.73,59.66,1.37,Gris,#E0E0E0
Marcellin NADEAU,Régionaliste,LREG,2015,Régionales,1,02,310723,127716,120629,7653,Régionales12015,6.34,41.1,2.28,Gris,#E0E0E0
Marie-Christine MYRE,Régionaliste,LREG,2015,Régionales,1,01,313433,147975,140454,697,Régionales12015,0.5,47.21,2.4,Gris,#E0E0E0
Paul-Félix BENEDETTI,Régionaliste,LREG,2015,Régionales,1,94,229866,137143,133989,3451,Régionales12015,2.58,59.66,1.37,Gris,#E0E0E0
Sylvio LÉTARD,Régionaliste,LREG,2015,Régionales,1,03,88183,37585,36130,174,Régionales12015,0.48,42.62,1.65,Gris,#E0E0E0
Alix PENLOUP,Debout la France,LDLF,2015,Régionales,1,24,1817345,900317,859957,39422,Régionales12015,4.58,49.54,2.22,Bleu marine,#0C295A
Cécile BAYLE DE JESSÉ,Debout la France,LDLF,2015,Régionales,1,52,2664831,1331536,1268942,51873,Régionales12015,4.09,49.97,2.35,Bleu marine,#0C295A
Damien LEMPEREUR,Debout la France,LDLF,2015,Régionales,1,76,4124642,2154655,2053576,80380,Régionales12015,3.91,52.24,2.45,Bleu marine,#0C295A
Gerbert RAMBAUD,Debout la France,LDLF,2015,Régionales,1,84,5310770,2597323,2507815,71538,Régionales12015,2.85,48.91,1.69,Bleu marine,#0C295A
Hyacinthe SANTONI,Debout la France,LDLF,2015,Régionales,1,94,229866,137143,133989,1500,Régionales12015,1.12,59.66,1.37,Bleu marine,#0C295A
Jean-Jack MOREL,Debout la France,LDLF,2015,Régionales,1,04,625471,278009,265794,978,Régionales12015,0.37,44.45,1.95,Bleu marine,#0C295A
Jean-Jacques FOUCHER,Debout la France,LDLF,2015,Régionales,1,53,2421863,1249241,1202276,34926,Régionales12015,2.9,51.58,1.94,Bleu marine,#0C295A
Jean-Philippe TANGUY,Debout la France,LDLF,2015,Régionales,1,32,4237839,2322851,2236792,53359,Régionales12015,2.39,54.81,2.03,Bleu marine,#0C295A
Laurent JACOBELLI,Debout la France,LDLF,2015,Régionales,1,44,3885530,1861600,1777643,84886,Régionales12015,4.78,47.91,2.16,Bleu marine,#0C295A
Maxime THIÉBAUT,Debout la France,LDLF,2015,Régionales,1,27,1996679,1009561,962968,49802,Régionales12015,5.17,50.56,2.33,Bleu marine,#0C295A
Nicolas CALBRIX,Debout la France,LDLF,2015,Régionales,1,28,2390813,1194273,1144411,47391,Régionales12015,4.14,49.95,2.09,Bleu marine,#0C295A
Nicolas DUPONT-AIGNAN,Debout la France,LDLF,2015,Régionales,1,11,7087089,3252700,3153293,207280,Régionales12015,6.57,45.9,1.4,Bleu marine,#0C295A
Noël CHUISANO,Debout la France,LDLF,2015,Régionales,1,93,3526091,1831409,1775257,34600,Régionales12015,1.95,51.94,1.59,Bleu marine,#0C295A
Yvon SETZE,Debout la France,LDLF,2015,Régionales,1,75,4269146,2175973,2068865,69276,Régionales12015,3.35,50.97,2.51,Bleu marine,#0C295A
Aurelien VERON,Divers droite,LDVD,2015,Régionales,1,11,7087089,3252700,3153293,23888,Régionales12015,0.76,45.9,1.4,Bleu,#045BFF
Camille DE ROCCA SERRA,Divers droite,LDVD,2015,Régionales,1,94,229866,137143,133989,17018,Régionales12015,12.7,59.66,1.37,Bleu,#045BFF
Eric LAFOND,Divers droite,LDVD,2015,Régionales,1,84,5310770,2597323,2507815,39187,Régionales12015,1.56,48.91,1.69,Bleu,#045BFF
Henri YOYOTTE,Divers droite,LDVD,2015,Régionales,1,01,313433,147975,140454,2220,Régionales12015,1.58,47.21,2.4,Bleu,#045BFF
Joseph VIRASSAMY,Divers droite,LDVD,2015,Régionales,1,02,310723,127716,120629,2475,Régionales12015,2.05,41.1,2.28,Bleu,#045BFF
Muriel ICARE NOUREL,Divers droite,LDVD,2015,Régionales,1,03,88183,37585,36130,573,Régionales12015,1.59,42.62,1.65,Bleu,#045BFF
Mélina SEYMOUR,Divers droite,LDVD,2015,Régionales,1,01,313433,147975,140454,4470,Régionales12015,3.18,47.21,2.4,Bleu,#045BFF
René-Paul VICTORIA,Divers droite,LDVD,2015,Régionales,1,04,625471,278009,265794,2704,Régionales12015,1.02,44.45,1.95,Bleu,#045BFF
Sylvain BLONDEL,Divers droite,LDVD,2015,Régionales,1,32,4237839,2322851,2236792,30319,Régionales12015,1.36,54.81,2.03,Bleu,#045BFF
Valérie SACHS,Divers droite,LDVD,2015,Régionales,1,11,7087089,3252700,3153293,19981,Régionales12015,0.63,45.9,1.4,Bleu,#045BFF
Benoît HAMON,Parti Socialiste,PS,2017,Présidentielles,1,01,316345,126651,112242,11165,Présidentielles12017,9.95,40.04,4.55,Rose,#FF5E9A
Benoît HAMON,Parti Socialiste,PS,2017,Présidentielles,1,02,310812,123957,109264,10661,Présidentielles12017,9.76,39.88,4.73,Rose,#FF5E9A
Benoît HAMON,Parti Socialiste,PS,2017,Présidentielles,1,03,92935,31925,26839,1529,Présidentielles12017,5.7,34.35,5.47,Rose,#FF5E9A
Benoît HAMON,Parti Socialiste,PS,2017,Présidentielles,1,04,639481,375252,350480,26872,Présidentielles12017,7.67,58.68,3.87,Rose,#FF5E9A
Benoît HAMON,Parti Socialiste,PS,2017,Présidentielles,1,06,83047,36187,33130,1434,Présidentielles12017,4.33,43.57,3.68,Rose,#FF5E9A
Benoît HAMON,Parti Socialiste,PS,2017,Présidentielles,1,11,7199231,5751509,5631456,430324,Présidentielles12017,7.64,79.89,1.67,Rose,#FF5E9A
Benoît HAMON,Parti Socialiste,PS,2017,Présidentielles,1,24,1827657,1466892,1427614,83552,Présidentielles12017,5.85,80.26,2.15,Rose,#FF5E9A
Benoît HAMON,Parti Socialiste,PS,2017,Présidentielles,1,27,2001725,1588715,1544962,87386,Présidentielles12017,5.66,79.37,2.19,Rose,#FF5E9A
Benoît HAMON,Parti Socialiste,PS,2017,Présidentielles,1,28,2398182,1939818,1891428,113705,Présidentielles12017,6.01,80.89,2.02,Rose,#FF5E9A
Benoît HAMON,Parti Socialiste,PS,2017,Présidentielles,1,32,4241887,3316694,3232524,166630,Présidentielles12017,5.15,78.19,1.98,Rose,#FF5E9A
Benoît HAMON,Parti Socialiste,PS,2017,Présidentielles,1,44,3873402,3047571,2971625,151296,Présidentielles12017,5.09,78.68,1.96,Rose,#FF5E9A
Benoît HAMON,Parti Socialiste,PS,2017,Présidentielles,1,52,2705170,2252699,2191921,143491,Présidentielles12017,6.55,83.27,2.25,Rose,#FF5E9A
Benoît HAMON,Parti Socialiste,PS,2017,Présidentielles,1,53,2453683,2048612,2000330,180827,Présidentielles12017,9.04,83.49,1.97,Rose,#FF5E9A
Benoît HAMON,Parti Socialiste,PS,2017,Présidentielles,1,75,4329942,3483794,3389374,240157,Présidentielles12017,7.09,80.46,2.18,Rose,#FF5E9A
Benoît HAMON,Parti Socialiste,PS,2017,Présidentielles,1,76,4194937,3400379,3316240,216349,Présidentielles12017,6.52,81.06,2.01,Rose,#FF5E9A
Benoît HAMON,Parti Socialiste,PS,2017,Présidentielles,1,84,5416712,4297161,4187716,256532,Présidentielles12017,6.13,79.33,2.02,Rose,#FF5E9A
Benoît HAMON,Parti Socialiste,PS,2017,Présidentielles,1,93,3567740,2810838,2750937,113365,Présidentielles12017,4.12,78.78,1.68,Rose,#FF5E9A
Benoît HAMON,Parti Socialiste,PS,2017,Présidentielles,1,94,233656,158991,154376,5780,Présidentielles12017,3.74,68.04,1.98,Rose,#FF5E9A
Benoît HAMON,Parti Socialiste,PS,2017,Présidentielles,1,ROM,432238,186961,178413,12141,Présidentielles12017,6.8,43.25,1.98,Rose,#FF5E9A
Bruno RETAILLEAU,Union de la droite,LUD,2015,Régionales,1,52,2664831,1331536,1268942,424951,Régionales12015,33.49,49.97,2.35,Bleu,#045BFF
Bruno RETAILLEAU,Union de la droite,LUD,2015,Régionales,2,52,2664589,1525441,1452527,620222,Régionales22015,42.7,57.25,2.74,Bleu,#045BFF
Christian ESTROSI,Union de la droite,LUD,2015,Régionales,1,93,3526091,1831409,1775257,469884,Régionales12015,26.47,51.94,1.59,Bleu,#045BFF
Christian ESTROSI,Union de la droite,LUD,2015,Régionales,2,93,3525272,2126074,1959693,1073516,Régionales22015,54.78,60.31,4.72,Bleu,#045BFF
Didier ROBERT,Union de la droite,LUD,2015,Régionales,1,04,625471,278009,265794,107281,Régionales12015,40.36,44.45,1.95,Bleu,#045BFF
Didier ROBERT,Union de la droite,LUD,2015,Régionales,2,04,625440,345747,329488,173592,Régionales22015,52.69,55.28,2.6,Bleu,#045BFF
Dominique REYNIÉ,Union de la droite,LUD,2015,Régionales,1,76,4124642,2154655,2053576,386987,Régionales12015,18.84,52.24,2.45,Bleu,#045BFF
Dominique REYNIÉ,Union de la droite,LUD,2015,Régionales,2,76,4121310,2556086,2439233,520028,Régionales22015,21.32,62.02,2.84,Bleu,#045BFF
François SAUVADET,Union de la droite,LUD,2015,Régionales,1,27,1996679,1009561,962968,231069,Régionales12015,24.0,50.56,2.33,Bleu,#045BFF
François SAUVADET,Union de la droite,LUD,2015,Régionales,2,27,1996576,1220862,1162045,382216,Régionales22015,32.89,61.15,2.95,Bleu,#045BFF
Hervé MORIN,Union de la droite,LUD,2015,Régionales,1,28,2390813,1194273,1144411,319357,Régionales12015,27.91,49.95,2.09,Bleu,#045BFF
Hervé MORIN,Union de la droite,LUD,2015,Régionales,2,28,2390425,1412207,1360545,495556,Régionales22015,36.42,59.08,2.16,Bleu,#045BFF
José ROSSI,Union de la droite,LUD,2015,Régionales,2,94,229824,154042,149526,40480,Régionales22015,27.07,67.03,1.96,Bleu,#045BFF
Laurent WAUQUIEZ,Union de la droite,LUD,2015,Régionales,1,84,5310770,2597323,2507815,795661,Régionales12015,31.73,48.91,1.69,Bleu,#045BFF
Laurent WAUQUIEZ,Union de la droite,LUD,2015,Régionales,2,84,5310464,3063198,2958455,1201597,Régionales22015,40.62,57.68,1.97,Bleu,#045BFF
Marc LE FUR,Union de la droite,LUD,2015,Régionales,1,53,2421863,1249241,1202276,282006,Régionales12015,23.46,51.58,1.94,Bleu,#045BFF
Marc LE FUR,Union de la droite,LUD,2015,Régionales,2,53,2421628,1377445,1304825,387837,Régionales22015,29.72,56.88,3.0,Bleu,#045BFF
Philippe RICHERT,Union de la droite,LUD,2015,Régionales,1,44,3885530,1861600,1777643,459212,Régionales12015,25.83,47.91,2.16,Bleu,#045BFF
Philippe RICHERT,Union de la droite,LUD,2015,Régionales,2,44,3885868,2293374,2189981,1060059,Régionales22015,48.4,59.02,2.66,Bleu,#045BFF
Philippe VIGIER,Union de la droite,LUD,2015,Régionales,1,24,1817345,900317,859957,225777,Régionales12015,26.25,49.54,2.22,Bleu,#045BFF
Philippe VIGIER,Union de la droite,LUD,2015,Régionales,2,24,1817519,1076416,1028277,355628,Régionales22015,34.58,59.22,2.65,Bleu,#045BFF
Valérie PECRESSE,Union de la droite,LUD,2015,Régionales,1,11,7087089,3252700,3153293,962119,Régionales12015,30.51,45.9,1.4,Bleu,#045BFF
Valérie PECRESSE,Union de la droite,LUD,2015,Régionales,2,11,7086172,3859296,3720165,1629410,Régionales22015,43.8,54.46,1.96,Bleu,#045BFF
Virginie CALMELS,Union de la droite,LUD,2015,Régionales,1,75,4269146,2175973,2068865,562500,Régionales12015,27.19,50.97,2.51,Bleu,#045BFF
Virginie CALMELS,Union de la droite,LUD,2015,Régionales,2,75,4268772,2466376,2343298,798138,Régionales22015,34.06,57.78,2.88,Bleu,#045BFF
Xavier BERTRAND,Union de la droite,LUD,2015,Régionales,1,32,4237839,2322851,2236792,558420,Régionales12015,24.97,54.81,2.03,Bleu,#045BFF
Xavier BERTRAND,Union de la droite,LUD,2015,Régionales,2,32,4237939,2595417,2405002,1389340,Régionales22015,57.77,61.24,4.49,Bleu,#045BFF
Chantal GOMEZ,Extrême gauche,LEXG,2015,Régionales,1,84,5310770,2597323,2507815,31359,Régionales12015,1.25,48.91,1.69,Rouge,#EE4A40
Claire ROCHER,Extrême gauche,LEXG,2015,Régionales,1,27,1996679,1009561,962968,14518,Régionales12015,1.51,50.56,2.33,Rouge,#EE4A40
Eddy LE BELLER,Extrême gauche,LEXG,2015,Régionales,1,52,2664831,1331536,1268942,18626,Régionales12015,1.47,49.97,2.35,Rouge,#EE4A40
Eric PECQUEUR,Extrême gauche,LEXG,2015,Régionales,1,32,4237839,2322851,2236792,39041,Régionales12015,1.75,54.81,2.03,Rouge,#EE4A40
Farida MEGDOUD,Extrême gauche,LEXG,2015,Régionales,1,24,1817345,900317,859957,14612,Régionales12015,1.7,49.54,2.22,Rouge,#EE4A40
Gael ROBLIN,Extrême gauche,LEXG,2015,Régionales,1,53,2421863,1249241,1202276,7465,Régionales12015,0.62,51.58,1.94,Rouge,#EE4A40
Ghislaine JOACHIM-ARNAUD,Extrême gauche,LEXG,2015,Régionales,1,02,310723,127716,120629,2460,Régionales12015,2.04,41.1,2.28,Rouge,#EE4A40
Guillaume PERCHET,Extrême gauche,LEXG,2015,Régionales,1,75,4269146,2175973,2068865,29206,Régionales12015,1.41,50.97,2.51,Rouge,#EE4A40
Isabelle BONNET,Extrême gauche,LEXG,2015,Régionales,1,93,3526091,1831409,1775257,26279,Régionales12015,1.48,51.94,1.59,Rouge,#EE4A40
Jean Yves PAYET,Extrême gauche,LEXG,2015,Régionales,1,04,625471,278009,265794,1263,Régionales12015,0.48,44.45,1.95,Rouge,#EE4A40
Jean-Marie NOMERTIN,Extrême gauche,LEXG,2015,Régionales,1,01,313433,147975,140454,1992,Régionales12015,1.42,47.21,2.4,Rouge,#EE4A40
Julien WOSTYN,Extrême gauche,LEXG,2015,Régionales,1,44,3885530,1861600,1777643,26347,Régionales12015,1.48,47.91,2.16,Rouge,#EE4A40
Nathalie ARTHAUD,Extrême gauche,LEXG,2015,Régionales,1,11,7087089,3252700,3153293,44182,Régionales12015,1.4,45.9,1.4,Rouge,#EE4A40
Olivier TERRIEN,Extrême gauche,LEXG,2015,Régionales,1,52,2664831,1331536,1268942,2164,Régionales12015,0.17,49.97,2.35,Rouge,#EE4A40
Pascal LE MANACH,Extrême gauche,LEXG,2015,Régionales,1,28,2390813,1194273,1144411,20975,Régionales12015,1.83,49.95,2.09,Rouge,#EE4A40
Sandra TORREMOCHA,Extrême gauche,LEXG,2015,Régionales,1,76,4124642,2154655,2053576,37182,Régionales12015,1.81,52.24,2.45,Rouge,#EE4A40
Valérie HAMON,Extrême gauche,LEXG,2015,Régionales,1,53,2421863,1249241,1202276,16445,Régionales12015,1.37,51.58,1.94,Rouge,#EE4A40
Charles FOURNIER,Europe-Ecologie-Les Verts,LVEC,2015,Régionales,1,24,1817345,900317,859957,56754,Régionales12015,6.6,49.54,2.22,Vert,#44EE8B
Cécile PRUDHOMME,Europe-Ecologie-Les Verts,LVEC,2015,Régionales,1,27,1996679,1009561,962968,37707,Régionales12015,3.92,50.56,2.33,Vert,#44EE8B
Emmanuelle COSSE,Europe-Ecologie-Les Verts,LVEC,2015,Régionales,1,11,7087089,3252700,3153293,253153,Régionales12015,8.03,45.9,1.4,Vert,#44EE8B
Françoise COUTANT,Europe-Ecologie-Les Verts,LVEC,2015,Régionales,1,75,4269146,2175973,2068865,115782,Régionales12015,5.6,50.97,2.51,Vert,#44EE8B
René LOUAIL,Europe-Ecologie-Les Verts,LVEC,2015,Régionales,1,53,2421863,1249241,1202276,80516,Régionales12015,6.7,51.58,1.94,Vert,#44EE8B
Sandrine BÉLIER,Europe-Ecologie-Les Verts,LVEC,2015,Régionales,1,44,3885530,1861600,1777643,119091,Régionales12015,6.7,47.91,2.16,Vert,#44EE8B
Sophie BRINGUY,Europe-Ecologie-Les Verts,LVEC,2015,Régionales,1,52,2664831,1331536,1268942,99253,Régionales12015,7.82,49.97,2.35,Vert,#44EE8B
Yanic SOUBIEN,Europe-Ecologie-Les Verts,LVEC,2015,Régionales,1,28,2390813,1194273,1144411,70231,Régionales12015,6.14,49.95,2.09,Vert,#44EE8B
Christophe BOUDOT,Front National,LFN,2015,Régionales,1,84,5310770,2597323,2507815,639923,Régionales12015,25.52,48.91,1.69,Bleu marine,#0C295A
Christophe BOUDOT,Front National,LFN,2015,Régionales,2,84,5310464,3063198,2958455,667102,Régionales22015,22.55,57.68,1.97,Bleu marine,#0C295A
Christophe CANIONI,Front National,LFN,2015,Régionales,1,94,229866,137143,133989,14176,Régionales12015,10.58,59.66,1.37,Bleu marine,#0C295A
Christophe CANIONI,Front National,LFN,2015,Régionales,2,94,229824,154042,149526,13599,Régionales22015,9.09,67.03,1.96,Bleu marine,#0C295A
Florian PHILIPPOT,Front National,LFN,2015,Régionales,1,44,3885530,1861600,1777643,641234,Régionales12015,36.07,47.91,2.16,Bleu marine,#0C295A
Florian PHILIPPOT,Front National,LFN,2015,Régionales,2,44,3885868,2293374,2189981,790166,Régionales22015,36.08,59.02,2.66,Bleu marine,#0C295A
Gilles PENNELLE,Front National,LFN,2015,Régionales,1,53,2421863,1249241,1202276,218474,Régionales12015,18.17,51.58,1.94,Bleu marine,#0C295A
Gilles PENNELLE,Front National,LFN,2015,Régionales,2,53,2421628,1377445,1304825,246177,Régionales22015,18.87,56.88,3.0,Bleu marine,#0C295A
Jacques COLOMBIER,Front National,LFN,2015,Régionales,1,75,4269146,2175973,2068865,480621,Régionales12015,23.23,50.97,2.51,Bleu marine,#0C295A
Jacques COLOMBIER,Front National,LFN,2015,Régionales,2,75,4268772,2466376,2343298,507789,Régionales22015,21.67,57.78,2.88,Bleu marine,#0C295A
Joseph GRONDIN,Front National,LFN,2015,Régionales,1,04,625471,278009,265794,6355,Régionales12015,2.39,44.45,1.95,Bleu marine,#0C295A
Louis ALIOT,Front National,LFN,2015,Régionales,1,76,4124642,2154655,2053576,653573,Régionales12015,31.83,52.24,2.45,Bleu marine,#0C295A
Louis ALIOT,Front National,LFN,2015,Régionales,2,76,4121310,2556086,2439233,826114,Régionales22015,33.87,62.02,2.84,Bleu marine,#0C295A
Marine LE PEN,Front National,LFN,2015,Régionales,1,32,4237839,2322851,2236792,909035,Régionales12015,40.64,54.81,2.03,Bleu marine,#0C295A
Marine LE PEN,Front National,LFN,2015,Régionales,2,32,4237939,2595417,2405002,1015662,Régionales22015,42.23,61.24,4.49,Bleu marine,#0C295A
Marion MARÉCHAL-LE PEN,Front National,LFN,2015,Régionales,1,93,3526091,1831409,1775257,719746,Régionales12015,40.54,51.94,1.59,Bleu marine,#0C295A
Marion MARÉCHAL-LE PEN,Front National,LFN,2015,Régionales,2,93,3525272,2126074,1959693,886177,Régionales22015,45.22,60.31,4.72,Bleu marine,#0C295A
Nicolas BAY,Front National,LFN,2015,Régionales,1,28,2390813,1194273,1144411,317118,Régionales12015,27.71,49.95,2.09,Bleu marine,#0C295A
Nicolas BAY,Front National,LFN,2015,Régionales,2,28,2390425,1412207,1360545,374142,Régionales22015,27.5,59.08,2.16,Bleu marine,#0C295A
Pascal GANNAT,Front National,LFN,2015,Régionales,1,52,2664831,1331536,1268942,270888,Régionales12015,21.35,49.97,2.35,Bleu marine,#0C295A
Pascal GANNAT,Front National,LFN,2015,Régionales,2,52,2664589,1525441,1452527,286711,Régionales22015,19.74,57.25,2.74,Bleu marine,#0C295A
Philippe LOISEAU,Front National,LFN,2015,Régionales,1,24,1817345,900317,859957,262156,Régionales12015,30.48,49.54,2.22,Bleu marine,#0C295A
Philippe LOISEAU,Front National,LFN,2015,Régionales,2,24,1817519,1076416,1028277,308432,Régionales22015,30.0,59.22,2.65,Bleu marine,#0C295A
Sophie MONTEL,Front National,LFN,2015,Régionales,1,27,1996679,1009561,962968,303143,Régionales12015,31.48,50.56,2.33,Bleu marine,#0C295A
Sophie MONTEL,Front National,LFN,2015,Régionales,2,27,1996576,1220862,1162045,376913,Régionales22015,32.44,61.15,2.95,Bleu marine,#0C295A
Stephan VIENNET,Front National,LFN,2015,Régionales,1,01,313433,147975,140454,1973,Régionales12015,1.4,47.21,2.4,Bleu marine,#0C295A
Wallerand DE SAINT JUST,Front National,LFN,2015,Régionales,1,11,7087089,3252700,3153293,580499,Régionales12015,18.41,45.9,1.4,Bleu marine,#0C295A
Wallerand DE SAINT JUST,Front National,LFN,2015,Régionales,2,11,7086172,3859296,3720165,521493,Régionales22015,14.02,54.46,1.96,Bleu marine,#0C295A
Christophe CAVARD,Écologiste,LECO,2015,Régionales,1,76,4124642,2154655,2053576,34936,Régionales12015,1.7,52.24,2.45,Vert,#44EE8B
Jean Marc GOVERNATORI,Écologiste,LECO,2015,Régionales,1,93,3526091,1831409,1775257,71901,Régionales12015,4.05,51.94,1.59,Vert,#44EE8B
Julien GONZALEZ,Écologiste,LECO,2015,Régionales,1,27,1996679,1009561,962968,20616,Régionales12015,2.14,50.56,2.33,Vert,#44EE8B
Christophe GRUDLER,Modem,LMDM,2015,Régionales,1,27,1996679,1009561,962968,31431,Régionales12015,3.26,50.56,2.33,Orange,#FF8948
Thierry ROBERT,Modem,LMDM,2015,Régionales,1,04,625471,278009,265794,54021,Régionales12015,20.32,44.45,1.95,Orange,#FF8948
Dominique BUCCHINI,Front de Gauche,LFG,2015,Régionales,1,94,229866,137143,133989,7448,Régionales12015,5.56,59.66,1.37,Rouge,#EE4A40
Nathalie VERMOREL,Front de Gauche,LFG,2015,Régionales,1,27,1996679,1009561,962968,44471,Régionales12015,4.62,50.56,2.33,Rouge,#EE4A40
Olivier DARTIGOLLES,Front de Gauche,LFG,2015,Régionales,1,75,4269146,2175973,2068865,100380,Régionales12015,4.85,50.97,2.51,Rouge,#EE4A40
Patrick PERON,Front de Gauche,LFG,2015,Régionales,1,44,3885530,1861600,1777643,57165,Régionales12015,3.22,47.91,2.16,Rouge,#EE4A40
Pierre LAURENT,Front de Gauche,LFG,2015,Régionales,1,11,7087089,3252700,3153293,208943,Régionales12015,6.63,45.9,1.4,Rouge,#EE4A40
Sébastien JUMEL,Front de Gauche,LFG,2015,Régionales,1,28,2390813,1194273,1144411,80590,Régionales12015,7.04,49.95,2.09,Rouge,#EE4A40
Xavier COMPAIN,Front de Gauche,LFG,2015,Régionales,1,53,2421863,1249241,1202276,44938,Régionales12015,3.74,51.58,1.94,Rouge,#EE4A40
Emmanuel MACRON,En Marche !,EM,2017,Présidentielles,1,01,316345,126651,112242,33930,Présidentielles12017,30.23,40.04,4.55,Jaune,#FFCE3E
Emmanuel MACRON,En Marche !,EM,2017,Présidentielles,1,02,310812,123957,109264,27893,Présidentielles12017,25.53,39.88,4.73,Jaune,#FFCE3E
Emmanuel MACRON,En Marche !,EM,2017,Présidentielles,1,03,92935,31925,26839,5031,Présidentielles12017,18.75,34.35,5.47,Jaune,#FFCE3E
Emmanuel MACRON,En Marche !,EM,2017,Présidentielles,1,04,639481,375252,350480,66292,Présidentielles12017,18.91,58.68,3.87,Jaune,#FFCE3E
Emmanuel MACRON,En Marche !,EM,2017,Présidentielles,1,06,83047,36187,33130,6364,Présidentielles12017,19.21,43.57,3.68,Jaune,#FFCE3E
Emmanuel MACRON,En Marche !,EM,2017,Présidentielles,1,11,7199231,5751509,5631456,1612516,Présidentielles12017,28.63,79.89,1.67,Jaune,#FFCE3E
Emmanuel MACRON,En Marche !,EM,2017,Présidentielles,1,24,1827657,1466892,1427614,323725,Présidentielles12017,22.68,80.26,2.15,Jaune,#FFCE3E
Emmanuel MACRON,En Marche !,EM,2017,Présidentielles,1,27,2001725,1588715,1544962,338191,Présidentielles12017,21.89,79.37,2.19,Jaune,#FFCE3E
Emmanuel MACRON,En Marche !,EM,2017,Présidentielles,1,28,2398182,1939818,1891428,422960,Présidentielles12017,22.36,80.89,2.02,Jaune,#FFCE3E
Emmanuel MACRON,En Marche !,EM,2017,Présidentielles,1,32,4241887,3316694,3232524,630285,Présidentielles12017,19.5,78.19,1.98,Jaune,#FFCE3E
Emmanuel MACRON,En Marche !,EM,2017,Présidentielles,1,44,3873402,3047571,2971625,615776,Présidentielles12017,20.72,78.68,1.96,Jaune,#FFCE3E
Emmanuel MACRON,En Marche !,EM,2017,Présidentielles,1,52,2705170,2252699,2191921,575832,Présidentielles12017,26.27,83.27,2.25,Jaune,#FFCE3E
Emmanuel MACRON,En Marche !,EM,2017,Présidentielles,1,53,2453683,2048612,2000330,581076,Présidentielles12017,29.05,83.49,1.97,Jaune,#FFCE3E
Emmanuel MACRON,En Marche !,EM,2017,Présidentielles,1,75,4329942,3483794,3389374,851304,Présidentielles12017,25.12,80.46,2.18,Jaune,#FFCE3E
Emmanuel MACRON,En Marche !,EM,2017,Présidentielles,1,76,4194937,3400379,3316240,740031,Présidentielles12017,22.32,81.06,2.01,Jaune,#FFCE3E
Emmanuel MACRON,En Marche !,EM,2017,Présidentielles,1,84,5416712,4297161,4187716,1025872,Présidentielles12017,24.5,79.33,2.02,Jaune,#FFCE3E
Emmanuel MACRON,En Marche !,EM,2017,Présidentielles,1,93,3567740,2810838,2750937,520978,Présidentielles12017,18.94,78.78,1.68,Jaune,#FFCE3E
Emmanuel MACRON,En Marche !,EM,2017,Présidentielles,1,94,233656,158991,154376,28528,Présidentielles12017,18.48,68.04,1.98,Jaune,#FFCE3E
Emmanuel MACRON,En Marche !,EM,2017,Présidentielles,1,ROM,432238,186961,178413,25883,Présidentielles12017,14.51,43.25,1.98,Jaune,#FFCE3E
Emmanuel MACRON,En Marche !,EM,2017,Présidentielles,2,01,316062,155610,133945,100635,Présidentielles22017,75.13,49.23,6.85,Jaune,#FFCE3E
Emmanuel MACRON,En Marche !,EM,2017,Présidentielles,2,02,310673,156134,134502,104307,Présidentielles22017,77.55,50.26,6.96,Jaune,#FFCE3E
Emmanuel MACRON,En Marche !,EM,2017,Présidentielles,2,03,92601,38685,33546,21769,Présidentielles22017,64.89,41.78,5.55,Jaune,#FFCE3E
Emmanuel MACRON,En Marche !,EM,2017,Présidentielles,2,04,639391,402250,351998,212081,Présidentielles22017,60.25,62.91,7.86,Jaune,#FFCE3E
Emmanuel MACRON,En Marche !,EM,2017,Présidentielles,2,06,82482,37723,33514,19140,Présidentielles22017,57.11,45.73,5.1,Jaune,#FFCE3E
Emmanuel MACRON,En Marche !,EM,2017,Présidentielles,2,11,7194953,5374712,4858965,3825279,Présidentielles22017,78.73,74.7,7.17,Jaune,#FFCE3E
Emmanuel MACRON,En Marche !,EM,2017,Présidentielles,2,24,1827599,1401729,1228723,777973,Présidentielles22017,63.32,76.7,9.47,Jaune,#FFCE3E
Emmanuel MACRON,En Marche !,EM,2017,Présidentielles,2,27,2001305,1548103,1348644,815709,Présidentielles22017,60.48,77.35,9.97,Jaune,#FFCE3E
Emmanuel MACRON,En Marche !,EM,2017,Présidentielles,2,28,2397069,1850300,1633534,1012062,Présidentielles22017,61.96,77.19,9.04,Jaune,#FFCE3E
Emmanuel MACRON,En Marche !,EM,2017,Présidentielles,2,32,4241543,3181359,2828570,1497401,Présidentielles22017,52.94,75.0,8.32,Jaune,#FFCE3E
Emmanuel MACRON,En Marche !,EM,2017,Présidentielles,2,44,3873152,2916968,2590008,1500652,Présidentielles22017,57.94,75.31,8.44,Jaune,#FFCE3E
Emmanuel MACRON,En Marche !,EM,2017,Présidentielles,2,52,2705034,2124844,1864549,1350276,Présidentielles22017,72.42,78.55,9.62,Jaune,#FFCE3E
Emmanuel MACRON,En Marche !,EM,2017,Présidentielles,2,53,2453233,1954928,1726688,1301226,Présidentielles22017,75.36,79.69,9.3,Jaune,#FFCE3E
Emmanuel MACRON,En Marche !,EM,2017,Présidentielles,2,75,4329082,3370241,2929305,2011068,Présidentielles22017,68.65,77.85,10.19,Jaune,#FFCE3E
Emmanuel MACRON,En Marche !,EM,2017,Présidentielles,2,76,4193817,3216862,2793669,1759816,Présidentielles22017,62.99,76.7,10.09,Jaune,#FFCE3E
Emmanuel MACRON,En Marche !,EM,2017,Présidentielles,2,84,5414461,4141707,3652917,2452191,Présidentielles22017,67.13,76.49,9.03,Jaune,#FFCE3E
Emmanuel MACRON,En Marche !,EM,2017,Présidentielles,2,93,3565160,2652228,2355752,1306636,Présidentielles22017,55.47,74.39,8.32,Jaune,#FFCE3E
Emmanuel MACRON,En Marche !,EM,2017,Présidentielles,2,94,233633,149482,129801,66819,Présidentielles22017,51.48,63.98,8.42,Jaune,#FFCE3E
Emmanuel MACRON,En Marche !,EM,2017,Présidentielles,2,ROM,432213,213508,197214,111744,Présidentielles22017,56.66,49.4,3.77,Jaune,#FFCE3E
Emmanuelle DE GENTILI,Parti Socialiste,LSOC,2015,Régionales,1,94,229866,137143,133989,4353,Régionales12015,3.25,59.66,1.37,Rose,#FF5E9A
Victorin LUREL,Parti Socialiste,LSOC,2015,Régionales,1,01,313433,147975,140454,57717,Régionales12015,41.09,47.21,2.4,Rose,#FF5E9A
Victorin LUREL,Parti Socialiste,LSOC,2015,Régionales,2,01,313433,179669,171277,72811,Régionales22015,42.51,57.32,2.68,Rose,#FF5E9A
François ASSELINEAU,Union Populaire Républicaine,UPR,2017,Présidentielles,1,01,316345,126651,112242,1312,Présidentielles12017,1.17,40.04,4.55,Gris,#E0E0E0
François ASSELINEAU,Union Populaire Républicaine,UPR,2017,Présidentielles,1,02,310812,123957,109264,1407,Présidentielles12017,1.29,39.88,4.73,Gris,#E0E0E0
François ASSELINEAU,Union Populaire Républicaine,UPR,2017,Présidentielles,1,03,92935,31925,26839,480,Présidentielles12017,1.79,34.35,5.47,Gris,#E0E0E0
François ASSELINEAU,Union Populaire Républicaine,UPR,2017,Présidentielles,1,04,639481,375252,350480,6029,Présidentielles12017,1.72,58.68,3.87,Gris,#E0E0E0
François ASSELINEAU,Union Populaire Républicaine,UPR,2017,Présidentielles,1,06,83047,36187,33130,408,Présidentielles12017,1.23,43.57,3.68,Gris,#E0E0E0
François ASSELINEAU,Union Populaire Républicaine,UPR,2017,Présidentielles,1,11,7199231,5751509,5631456,64391,Présidentielles12017,1.14,79.89,1.67,Gris,#E0E0E0
François ASSELINEAU,Union Populaire Républicaine,UPR,2017,Présidentielles,1,24,1827657,1466892,1427614,12075,Présidentielles12017,0.85,80.26,2.15,Gris,#E0E0E0
François ASSELINEAU,Union Populaire Républicaine,UPR,2017,Présidentielles,1,27,2001725,1588715,1544962,14332,Présidentielles12017,0.93,79.37,2.19,Gris,#E0E0E0
François ASSELINEAU,Union Populaire Républicaine,UPR,2017,Présidentielles,1,28,2398182,1939818,1891428,14301,Présidentielles12017,0.76,80.89,2.02,Gris,#E0E0E0
François ASSELINEAU,Union Populaire Républicaine,UPR,2017,Présidentielles,1,32,4241887,3316694,3232524,26043,Présidentielles12017,0.81,78.19,1.98,Gris,#E0E0E0
François ASSELINEAU,Union Populaire Républicaine,UPR,2017,Présidentielles,1,44,3873402,3047571,2971625,30223,Présidentielles12017,1.02,78.68,1.96,Gris,#E0E0E0
François ASSELINEAU,Union Populaire Républicaine,UPR,2017,Présidentielles,1,52,2705170,2252699,2191921,15529,Présidentielles12017,0.71,83.27,2.25,Gris,#E0E0E0
François ASSELINEAU,Union Populaire Républicaine,UPR,2017,Présidentielles,1,53,2453683,2048612,2000330,13419,Présidentielles12017,0.67,83.49,1.97,Gris,#E0E0E0
François ASSELINEAU,Union Populaire Républicaine,UPR,2017,Présidentielles,1,75,4329942,3483794,3389374,26664,Présidentielles12017,0.79,80.46,2.18,Gris,#E0E0E0
François ASSELINEAU,Union Populaire Républicaine,UPR,2017,Présidentielles,1,76,4194937,3400379,3316240,28603,Présidentielles12017,0.86,81.06,2.01,Gris,#E0E0E0
François ASSELINEAU,Union Populaire Républicaine,UPR,2017,Présidentielles,1,84,5416712,4297161,4187716,41336,Présidentielles12017,0.99,79.33,2.02,Gris,#E0E0E0
François ASSELINEAU,Union Populaire Républicaine,UPR,2017,Présidentielles,1,93,3567740,2810838,2750937,25950,Présidentielles12017,0.94,78.78,1.68,Gris,#E0E0E0
François ASSELINEAU,Union Populaire Républicaine,UPR,2017,Présidentielles,1,94,233656,158991,154376,965,Présidentielles12017,0.63,68.04,1.98,Gris,#E0E0E0
François ASSELINEAU,Union Populaire Républicaine,UPR,2017,Présidentielles,1,ROM,432238,186961,178413,3502,Présidentielles12017,1.96,43.25,1.98,Gris,#E0E0E0
François FILLON,Les Républicains,LR,2017,Présidentielles,1,01,316345,126651,112242,16305,Présidentielles12017,14.53,40.04,4.55,Bleu,#045BFF
François FILLON,Les Républicains,LR,2017,Présidentielles,1,02,310812,123957,109264,18400,Présidentielles12017,16.84,39.88,4.73,Bleu,#045BFF
François FILLON,Les Républicains,LR,2017,Présidentielles,1,03,92935,31925,26839,3935,Présidentielles12017,14.66,34.35,5.47,Bleu,#045BFF
François FILLON,Les Républicains,LR,2017,Présidentielles,1,04,639481,375252,350480,60508,Présidentielles12017,17.26,58.68,3.87,Bleu,#045BFF
François FILLON,Les Républicains,LR,2017,Présidentielles,1,06,83047,36187,33130,10808,Présidentielles12017,32.62,43.57,3.68,Bleu,#045BFF
François FILLON,Les Républicains,LR,2017,Présidentielles,1,11,7199231,5751509,5631456,1249586,Présidentielles12017,22.19,79.89,1.67,Bleu,#045BFF
François FILLON,Les Républicains,LR,2017,Présidentielles,1,24,1827657,1466892,1427614,300325,Présidentielles12017,21.04,80.26,2.15,Bleu,#045BFF
François FILLON,Les Républicains,LR,2017,Présidentielles,1,27,2001725,1588715,1544962,304391,Présidentielles12017,19.7,79.37,2.19,Bleu,#045BFF
François FILLON,Les Républicains,LR,2017,Présidentielles,1,28,2398182,1939818,1891428,370105,Présidentielles12017,19.57,80.89,2.02,Bleu,#045BFF
François FILLON,Les Républicains,LR,2017,Présidentielles,1,32,4241887,3316694,3232524,521373,Présidentielles12017,16.13,78.19,1.98,Bleu,#045BFF
François FILLON,Les Républicains,LR,2017,Présidentielles,1,44,3873402,3047571,2971625,586390,Présidentielles12017,19.73,78.68,1.96,Bleu,#045BFF
François FILLON,Les Républicains,LR,2017,Présidentielles,1,52,2705170,2252699,2191921,516428,Présidentielles12017,23.56,83.27,2.25,Bleu,#045BFF
François FILLON,Les Républicains,LR,2017,Présidentielles,1,53,2453683,2048612,2000330,380815,Présidentielles12017,19.04,83.49,1.97,Bleu,#045BFF
François FILLON,Les Républicains,LR,2017,Présidentielles,1,75,4329942,3483794,3389374,602830,Présidentielles12017,17.79,80.46,2.18,Bleu,#045BFF
François FILLON,Les Républicains,LR,2017,Présidentielles,1,76,4194937,3400379,3316240,566036,Présidentielles12017,17.07,81.06,2.01,Bleu,#045BFF
François FILLON,Les Républicains,LR,2017,Présidentielles,1,84,5416712,4297161,4187716,845905,Présidentielles12017,20.2,79.33,2.02,Bleu,#045BFF
François FILLON,Les Républicains,LR,2017,Présidentielles,1,93,3567740,2810838,2750937,615524,Présidentielles12017,22.38,78.78,1.68,Bleu,#045BFF
François FILLON,Les Républicains,LR,2017,Présidentielles,1,94,233656,158991,154376,39453,Présidentielles12017,25.56,68.04,1.98,Bleu,#045BFF
François FILLON,Les Républicains,LR,2017,Présidentielles,1,ROM,432238,186961,178413,58049,Présidentielles12017,32.54,43.25,1.98,Bleu,#045BFF
Gérard ONESTA,EELV et gauche,LVEG,2015,Régionales,1,76,4124642,2154655,2053576,210602,Régionales12015,10.26,52.24,2.45,Vert,#44EE8B
Jean-Charles KOHLHAAS,EELV et gauche,LVEG,2015,Régionales,1,84,5310770,2597323,2507815,173038,Régionales12015,6.9,48.91,1.69,Vert,#44EE8B
Sandrine ROUSSEAU,EELV et gauche,LVEG,2015,Régionales,1,32,4237839,2322851,2236792,107993,Régionales12015,4.83,54.81,2.03,Vert,#44EE8B
Sophie CAMARD,EELV et gauche,LVEG,2015,Régionales,1,93,3526091,1831409,1775257,116125,Régionales12015,6.54,51.94,1.59,Vert,#44EE8B
Jacques BOMPARD,Extrême droite,LEXD,2015,Régionales,1,93,3526091,1831409,1775257,19889,Régionales12015,1.12,51.94,1.59,Bleu marine,#0C295A
Jean-Claude MARTINEZ,Extrême droite,LEXD,2015,Régionales,1,76,4124642,2154655,2053576,14172,Régionales12015,0.69,52.24,2.45,Bleu marine,#0C295A
Jacques CHEMINADE,Solidarité et progrès,SP,2017,Présidentielles,1,01,316345,126651,112242,326,Présidentielles12017,0.29,40.04,4.55,Gris,#E0E0E0
Jacques CHEMINADE,Solidarité et progrès,SP,2017,Présidentielles,1,02,310812,123957,109264,373,Présidentielles12017,0.34,39.88,4.73,Gris,#E0E0E0
Jacques CHEMINADE,Solidarité et progrès,SP,2017,Présidentielles,1,03,92935,31925,26839,98,Présidentielles12017,0.37,34.35,5.47,Gris,#E0E0E0
Jacques CHEMINADE,Solidarité et progrès,SP,2017,Présidentielles,1,04,639481,375252,350480,944,Présidentielles12017,0.27,58.68,3.87,Gris,#E0E0E0
Jacques CHEMINADE,Solidarité et progrès,SP,2017,Présidentielles,1,06,83047,36187,33130,163,Présidentielles12017,0.49,43.57,3.68,Gris,#E0E0E0
Jacques CHEMINADE,Solidarité et progrès,SP,2017,Présidentielles,1,11,7199231,5751509,5631456,9795,Présidentielles12017,0.17,79.89,1.67,Gris,#E0E0E0
Jacques CHEMINADE,Solidarité et progrès,SP,2017,Présidentielles,1,24,1827657,1466892,1427614,2882,Présidentielles12017,0.2,80.26,2.15,Gris,#E0E0E0
Jacques CHEMINADE,Solidarité et progrès,SP,2017,Présidentielles,1,27,2001725,1588715,1544962,2843,Présidentielles12017,0.18,79.37,2.19,Gris,#E0E0E0
Jacques CHEMINADE,Solidarité et progrès,SP,2017,Présidentielles,1,28,2398182,1939818,1891428,3544,Présidentielles12017,0.19,80.89,2.02,Gris,#E0E0E0
Jacques CHEMINADE,Solidarité et progrès,SP,2017,Présidentielles,1,32,4241887,3316694,3232524,5688,Présidentielles12017,0.18,78.19,1.98,Gris,#E0E0E0
Jacques CHEMINADE,Solidarité et progrès,SP,2017,Présidentielles,1,44,3873402,3047571,2971625,6078,Présidentielles12017,0.2,78.68,1.96,Gris,#E0E0E0
Jacques CHEMINADE,Solidarité et progrès,SP,2017,Présidentielles,1,52,2705170,2252699,2191921,3731,Présidentielles12017,0.17,83.27,2.25,Gris,#E0E0E0
Jacques CHEMINADE,Solidarité et progrès,SP,2017,Présidentielles,1,53,2453683,2048612,2000330,3400,Présidentielles12017,0.17,83.49,1.97,Gris,#E0E0E0
Jacques CHEMINADE,Solidarité et progrès,SP,2017,Présidentielles,1,75,4329942,3483794,3389374,6262,Présidentielles12017,0.18,80.46,2.18,Gris,#E0E0E0
Jacques CHEMINADE,Solidarité et progrès,SP,2017,Présidentielles,1,76,4194937,3400379,3316240,5524,Présidentielles12017,0.17,81.06,2.01,Gris,#E0E0E0
Jacques CHEMINADE,Solidarité et progrès,SP,2017,Présidentielles,1,84,5416712,4297161,4187716,7597,Présidentielles12017,0.18,79.33,2.02,Gris,#E0E0E0
Jacques CHEMINADE,Solidarité et progrès,SP,2017,Présidentielles,1,93,3567740,2810838,2750937,4569,Présidentielles12017,0.17,78.78,1.68,Gris,#E0E0E0
Jacques CHEMINADE,Solidarité et progrès,SP,2017,Présidentielles,1,94,233656,158991,154376,253,Présidentielles12017,0.16,68.04,1.98,Gris,#E0E0E0
Jacques CHEMINADE,Solidarité et progrès,SP,2017,Présidentielles,1,ROM,432238,186961,178413,486,Présidentielles12017,0.27,43.25,1.98,Gris,#E0E0E0
Jean LASSALLE,Résistons,Résistons,2017,Présidentielles,1,01,316345,126651,112242,650,Présidentielles12017,0.58,40.04,4.55,Gris,#E0E0E0
Jean LASSALLE,Résistons,Résistons,2017,Présidentielles,1,02,310812,123957,109264,870,Présidentielles12017,0.8,39.88,4.73,Gris,#E0E0E0
Jean LASSALLE,Résistons,Résistons,2017,Présidentielles,1,03,92935,31925,26839,273,Présidentielles12017,1.02,34.35,5.47,Gris,#E0E0E0
Jean LASSALLE,Résistons,Résistons,2017,Présidentielles,1,04,639481,375252,350480,1939,Présidentielles12017,0.55,58.68,3.87,Gris,#E0E0E0
Jean LASSALLE,Résistons,Résistons,2017,Présidentielles,1,06,83047,36187,33130,182,Présidentielles12017,0.55,43.57,3.68,Gris,#E0E0E0
Jean LASSALLE,Résistons,Résistons,2017,Présidentielles,1,11,7199231,5751509,5631456,36350,Présidentielles12017,0.65,79.89,1.67,Gris,#E0E0E0
Jean LASSALLE,Résistons,Résistons,2017,Présidentielles,1,24,1827657,1466892,1427614,13570,Présidentielles12017,0.95,80.26,2.15,Gris,#E0E0E0
Jean LASSALLE,Résistons,Résistons,2017,Présidentielles,1,27,2001725,1588715,1544962,15847,Présidentielles12017,1.03,79.37,2.19,Gris,#E0E0E0
Jean LASSALLE,Résistons,Résistons,2017,Présidentielles,1,28,2398182,1939818,1891428,13896,Présidentielles12017,0.73,80.89,2.02,Gris,#E0E0E0
Jean LASSALLE,Résistons,Résistons,2017,Présidentielles,1,32,4241887,3316694,3232524,22410,Présidentielles12017,0.69,78.19,1.98,Gris,#E0E0E0
Jean LASSALLE,Résistons,Résistons,2017,Présidentielles,1,44,3873402,3047571,2971625,30508,Présidentielles12017,1.03,78.68,1.96,Gris,#E0E0E0
Jean LASSALLE,Résistons,Résistons,2017,Présidentielles,1,52,2705170,2252699,2191921,16988,Présidentielles12017,0.78,83.27,2.25,Gris,#E0E0E0
Jean LASSALLE,Résistons,Résistons,2017,Présidentielles,1,53,2453683,2048612,2000330,19097,Présidentielles12017,0.95,83.49,1.97,Gris,#E0E0E0
Jean LASSALLE,Résistons,Résistons,2017,Présidentielles,1,75,4329942,3483794,3389374,91904,Présidentielles12017,2.71,80.46,2.18,Gris,#E0E0E0
Jean LASSALLE,Résistons,Résistons,2017,Présidentielles,1,76,4194937,3400379,3316240,75482,Présidentielles12017,2.28,81.06,2.01,Gris,#E0E0E0
Jean LASSALLE,Résistons,Résistons,2017,Présidentielles,1,84,5416712,4297161,4187716,53247,Présidentielles12017,1.27,79.33,2.02,Gris,#E0E0E0
Jean LASSALLE,Résistons,Résistons,2017,Présidentielles,1,93,3567740,2810838,2750937,29554,Présidentielles12017,1.07,78.78,1.68,Gris,#E0E0E0
Jean LASSALLE,Résistons,Résistons,2017,Présidentielles,1,94,233656,158991,154376,8711,Présidentielles12017,5.64,68.04,1.98,Gris,#E0E0E0
Jean LASSALLE,Résistons,Résistons,2017,Présidentielles,1,ROM,432238,186961,178413,1293,Présidentielles12017,0.72,43.25,1.98,Gris,#E0E0E0
Jean ZUCCARELLI,Parti radical de gauche,LRDG,2015,Régionales,1,94,229866,137143,133989,4227,Régionales12015,3.15,59.66,1.37,Rose clair,#FFAECD
Jean-Luc MÉLENCHON,France insoumise,LFI,2017,Présidentielles,1,01,316345,126651,112242,27081,Présidentielles12017,24.13,40.04,4.55,Rouge,#EE4A40
Jean-Luc MÉLENCHON,France insoumise,LFI,2017,Présidentielles,1,02,310812,123957,109264,29903,Présidentielles12017,27.37,39.88,4.73,Rouge,#EE4A40
Jean-Luc MÉLENCHON,France insoumise,LFI,2017,Présidentielles,1,03,92935,31925,26839,6633,Présidentielles12017,24.71,34.35,5.47,Rouge,#EE4A40
Jean-Luc MÉLENCHON,France insoumise,LFI,2017,Présidentielles,1,04,639481,375252,350480,85987,Présidentielles12017,24.53,58.68,3.87,Rouge,#EE4A40
Jean-Luc MÉLENCHON,France insoumise,LFI,2017,Présidentielles,1,06,83047,36187,33130,2789,Présidentielles12017,8.42,43.57,3.68,Rouge,#EE4A40
Jean-Luc MÉLENCHON,France insoumise,LFI,2017,Présidentielles,1,11,7199231,5751509,5631456,1224978,Présidentielles12017,21.75,79.89,1.67,Rouge,#EE4A40
Jean-Luc MÉLENCHON,France insoumise,LFI,2017,Présidentielles,1,24,1827657,1466892,1427614,252308,Présidentielles12017,17.67,80.26,2.15,Rouge,#EE4A40
Jean-Luc MÉLENCHON,France insoumise,LFI,2017,Présidentielles,1,27,2001725,1588715,1544962,276958,Présidentielles12017,17.93,79.37,2.19,Rouge,#EE4A40
Jean-Luc MÉLENCHON,France insoumise,LFI,2017,Présidentielles,1,28,2398182,1939818,1891428,362426,Présidentielles12017,19.16,80.89,2.02,Rouge,#EE4A40
Jean-Luc MÉLENCHON,France insoumise,LFI,2017,Présidentielles,1,32,4241887,3316694,3232524,633313,Présidentielles12017,19.59,78.19,1.98,Rouge,#EE4A40
Jean-Luc MÉLENCHON,France insoumise,LFI,2017,Présidentielles,1,44,3873402,3047571,2971625,484810,Présidentielles12017,16.31,78.68,1.96,Rouge,#EE4A40
Jean-Luc MÉLENCHON,France insoumise,LFI,2017,Présidentielles,1,52,2705170,2252699,2191921,403455,Présidentielles12017,18.41,83.27,2.25,Rouge,#EE4A40
Jean-Luc MÉLENCHON,France insoumise,LFI,2017,Présidentielles,1,53,2453683,2048612,2000330,385736,Présidentielles12017,19.28,83.49,1.97,Rouge,#EE4A40
Jean-Luc MÉLENCHON,France insoumise,LFI,2017,Présidentielles,1,75,4329942,3483794,3389374,703439,Présidentielles12017,20.75,80.46,2.18,Rouge,#EE4A40
Jean-Luc MÉLENCHON,France insoumise,LFI,2017,Présidentielles,1,76,4194937,3400379,3316240,734193,Présidentielles12017,22.14,81.06,2.01,Rouge,#EE4A40
Jean-Luc MÉLENCHON,France insoumise,LFI,2017,Présidentielles,1,84,5416712,4297161,4187716,805588,Présidentielles12017,19.24,79.33,2.02,Rouge,#EE4A40
Jean-Luc MÉLENCHON,France insoumise,LFI,2017,Présidentielles,1,93,3567740,2810838,2750937,515415,Présidentielles12017,18.74,78.78,1.68,Rouge,#EE4A40
Jean-Luc MÉLENCHON,France insoumise,LFI,2017,Présidentielles,1,94,233656,158991,154376,21314,Présidentielles12017,13.81,68.04,1.98,Rouge,#EE4A40
Jean-Luc MÉLENCHON,France insoumise,LFI,2017,Présidentielles,1,ROM,432238,186961,178413,15933,Présidentielles12017,8.93,43.25,1.98,Rouge,#EE4A40
José ROSSI,Les Républicains,LLR,2015,Régionales,1,94,229866,137143,133989,17642,Régionales12015,13.17,59.66,1.37,Bleu,#045BFF
Laurent BERNIER,Les Républicains,LLR,2015,Régionales,1,01,313433,147975,140454,6312,Régionales12015,4.49,47.21,2.4,Bleu,#045BFF
Rémy Louis BUDOC,Les Républicains,LLR,2015,Régionales,1,03,88183,37585,36130,1114,Régionales12015,3.08,42.62,1.65,Bleu,#045BFF
Yan MONPLAISIR,Les Républicains,LLR,2015,Régionales,1,02,310723,127716,120629,17272,Régionales12015,14.32,41.1,2.28,Bleu,#045BFF
Marine LE PEN,Front National,FN,2017,Présidentielles,1,01,316345,126651,112242,15159,Présidentielles12017,13.51,40.04,4.55,Bleu marine,#0C295A
Marine LE PEN,Front National,FN,2017,Présidentielles,1,02,310812,123957,109264,11949,Présidentielles12017,10.94,39.88,4.73,Bleu marine,#0C295A
Marine LE PEN,Front National,FN,2017,Présidentielles,1,03,92935,31925,26839,6521,Présidentielles12017,24.3,34.35,5.47,Bleu marine,#0C295A
Marine LE PEN,Front National,FN,2017,Présidentielles,1,04,639481,375252,350480,82219,Présidentielles12017,23.46,58.68,3.87,Bleu marine,#0C295A
Marine LE PEN,Front National,FN,2017,Présidentielles,1,06,83047,36187,33130,9008,Présidentielles12017,27.19,43.57,3.68,Bleu marine,#0C295A
Marine LE PEN,Front National,FN,2017,Présidentielles,1,11,7199231,5751509,5631456,708026,Présidentielles12017,12.57,79.89,1.67,Bleu marine,#0C295A
Marine LE PEN,Front National,FN,2017,Présidentielles,1,24,1827657,1466892,1427614,329470,Présidentielles12017,23.08,80.26,2.15,Bleu marine,#0C295A
Marine LE PEN,Front National,FN,2017,Présidentielles,1,27,2001725,1588715,1544962,387662,Présidentielles12017,25.09,79.37,2.19,Bleu marine,#0C295A
Marine LE PEN,Front National,FN,2017,Présidentielles,1,28,2398182,1939818,1891428,452586,Présidentielles12017,23.93,80.89,2.02,Bleu marine,#0C295A
Marine LE PEN,Front National,FN,2017,Présidentielles,1,32,4241887,3316694,3232524,1003216,Présidentielles12017,31.04,78.19,1.98,Bleu marine,#0C295A
Marine LE PEN,Front National,FN,2017,Présidentielles,1,44,3873402,3047571,2971625,825604,Présidentielles12017,27.78,78.68,1.96,Bleu marine,#0C295A
Marine LE PEN,Front National,FN,2017,Présidentielles,1,52,2705170,2252699,2191921,364267,Présidentielles12017,16.62,83.27,2.25,Bleu marine,#0C295A
Marine LE PEN,Front National,FN,2017,Présidentielles,1,53,2453683,2048612,2000330,306644,Présidentielles12017,15.33,83.49,1.97,Bleu marine,#0C295A
Marine LE PEN,Front National,FN,2017,Présidentielles,1,75,4329942,3483794,3389374,640148,Présidentielles12017,18.89,80.46,2.18,Bleu marine,#0C295A
Marine LE PEN,Front National,FN,2017,Présidentielles,1,76,4194937,3400379,3316240,762087,Présidentielles12017,22.98,81.06,2.01,Bleu marine,#0C295A
Marine LE PEN,Front National,FN,2017,Présidentielles,1,84,5416712,4297161,4187716,867591,Présidentielles12017,20.72,79.33,2.02,Bleu marine,#0C295A
Marine LE PEN,Front National,FN,2017,Présidentielles,1,93,3567740,2810838,2750937,774781,Présidentielles12017,28.16,78.78,1.68,Bleu marine,#0C295A
Marine LE PEN,Front National,FN,2017,Présidentielles,1,94,233656,158991,154376,43041,Présidentielles12017,27.88,68.04,1.98,Bleu marine,#0C295A
Marine LE PEN,Front National,FN,2017,Présidentielles,1,ROM,432238,186961,178413,52586,Présidentielles12017,29.47,43.25,1.98,Bleu marine,#0C295A
Marine LE PEN,Front National,FN,2017,Présidentielles,2,01,316062,155610,133945,33310,Présidentielles22017,24.87,49.23,6.85,Bleu marine,#0C295A
Marine LE PEN,Front National,FN,2017,Présidentielles,2,02,310673,156134,134502,30195,Présidentielles22017,22.45,50.26,6.96,Bleu marine,#0C295A
Marine LE PEN,Front National,FN,2017,Présidentielles,2,03,92601,38685,33546,11777,Présidentielles22017,35.11,41.78,5.55,Bleu marine,#0C295A
Marine LE PEN,Front National,FN,2017,Présidentielles,2,04,639391,402250,351998,139917,Présidentielles22017,39.75,62.91,7.86,Bleu marine,#0C295A
Marine LE PEN,Front National,FN,2017,Présidentielles,2,06,82482,37723,33514,14374,Présidentielles22017,42.89,45.73,5.1,Bleu marine,#0C295A
Marine LE PEN,Front National,FN,2017,Présidentielles,2,11,7194953,5374712,4858965,1033686,Présidentielles22017,21.27,74.7,7.17,Bleu marine,#0C295A
Marine LE PEN,Front National,FN,2017,Présidentielles,2,24,1827599,1401729,1228723,450750,Présidentielles22017,36.68,76.7,9.47,Bleu marine,#0C295A
Marine LE PEN,Front National,FN,2017,Présidentielles,2,27,2001305,1548103,1348644,532935,Présidentielles22017,39.52,77.35,9.97,Bleu marine,#0C295A
Marine LE PEN,Front National,FN,2017,Présidentielles,2,28,2397069,1850300,1633534,621472,Présidentielles22017,38.04,77.19,9.04,Bleu marine,#0C295A
Marine LE PEN,Front National,FN,2017,Présidentielles,2,32,4241543,3181359,2828570,1331169,Présidentielles22017,47.06,75.0,8.32,Bleu marine,#0C295A
Marine LE PEN,Front National,FN,2017,Présidentielles,2,44,3873152,2916968,2590008,1089356,Présidentielles22017,42.06,75.31,8.44,Bleu marine,#0C295A
Marine LE PEN,Front National,FN,2017,Présidentielles,2,52,2705034,2124844,1864549,514273,Présidentielles22017,27.58,78.55,9.62,Bleu marine,#0C295A
Marine LE PEN,Front National,FN,2017,Présidentielles,2,53,2453233,1954928,1726688,425462,Présidentielles22017,24.64,79.69,9.3,Bleu marine,#0C295A
Marine LE PEN,Front National,FN,2017,Présidentielles,2,75,4329082,3370241,2929305,918237,Présidentielles22017,31.35,77.85,10.19,Bleu marine,#0C295A
Marine LE PEN,Front National,FN,2017,Présidentielles,2,76,4193817,3216862,2793669,1033853,Présidentielles22017,37.01,76.7,10.09,Bleu marine,#0C295A
Marine LE PEN,Front National,FN,2017,Présidentielles,2,84,5414461,4141707,3652917,1200726,Présidentielles22017,32.87,76.49,9.03,Bleu marine,#0C295A
Marine LE PEN,Front National,FN,2017,Présidentielles,2,93,3565160,2652228,2355752,1049116,Présidentielles22017,44.53,74.39,8.32,Bleu marine,#0C295A
Marine LE PEN,Front National,FN,2017,Présidentielles,2,94,233633,149482,129801,62982,Présidentielles22017,48.52,63.98,8.42,Bleu marine,#0C295A
Marine LE PEN,Front National,FN,2017,Présidentielles,2,ROM,432213,213508,197214,85470,Présidentielles22017,43.34,49.4,3.77,Bleu marine,#0C295A
Nathalie ARTHAUD,Lutte ouvrière,LO,2017,Présidentielles,1,01,316345,126651,112242,1972,Présidentielles12017,1.76,40.04,4.55,Rouge,#EE4A40
Nathalie ARTHAUD,Lutte ouvrière,LO,2017,Présidentielles,1,02,310812,123957,109264,2253,Présidentielles12017,2.06,39.88,4.73,Rouge,#EE4A40
Nathalie ARTHAUD,Lutte ouvrière,LO,2017,Présidentielles,1,03,92935,31925,26839,462,Présidentielles12017,1.72,34.35,5.47,Rouge,#EE4A40
Nathalie ARTHAUD,Lutte ouvrière,LO,2017,Présidentielles,1,04,639481,375252,350480,5190,Présidentielles12017,1.48,58.68,3.87,Rouge,#EE4A40
Nathalie ARTHAUD,Lutte ouvrière,LO,2017,Présidentielles,1,06,83047,36187,33130,334,Présidentielles12017,1.01,43.57,3.68,Rouge,#EE4A40
Nathalie ARTHAUD,Lutte ouvrière,LO,2017,Présidentielles,1,11,7199231,5751509,5631456,23582,Présidentielles12017,0.42,79.89,1.67,Rouge,#EE4A40
Nathalie ARTHAUD,Lutte ouvrière,LO,2017,Présidentielles,1,24,1827657,1466892,1427614,11365,Présidentielles12017,0.8,80.26,2.15,Rouge,#EE4A40
Nathalie ARTHAUD,Lutte ouvrière,LO,2017,Présidentielles,1,27,2001725,1588715,1544962,11496,Présidentielles12017,0.74,79.37,2.19,Rouge,#EE4A40
Nathalie ARTHAUD,Lutte ouvrière,LO,2017,Présidentielles,1,28,2398182,1939818,1891428,15194,Présidentielles12017,0.8,80.89,2.02,Rouge,#EE4A40
Nathalie ARTHAUD,Lutte ouvrière,LO,2017,Présidentielles,1,32,4241887,3316694,3232524,29193,Présidentielles12017,0.9,78.19,1.98,Rouge,#EE4A40
Nathalie ARTHAUD,Lutte ouvrière,LO,2017,Présidentielles,1,44,3873402,3047571,2971625,24272,Présidentielles12017,0.82,78.68,1.96,Rouge,#EE4A40
Nathalie ARTHAUD,Lutte ouvrière,LO,2017,Présidentielles,1,52,2705170,2252699,2191921,16018,Présidentielles12017,0.73,83.27,2.25,Rouge,#EE4A40
Nathalie ARTHAUD,Lutte ouvrière,LO,2017,Présidentielles,1,53,2453683,2048612,2000330,14296,Présidentielles12017,0.71,83.49,1.97,Rouge,#EE4A40
Nathalie ARTHAUD,Lutte ouvrière,LO,2017,Présidentielles,1,75,4329942,3483794,3389374,21439,Présidentielles12017,0.63,80.46,2.18,Rouge,#EE4A40
Nathalie ARTHAUD,Lutte ouvrière,LO,2017,Présidentielles,1,76,4194937,3400379,3316240,16776,Présidentielles12017,0.51,81.06,2.01,Rouge,#EE4A40
Nathalie ARTHAUD,Lutte ouvrière,LO,2017,Présidentielles,1,84,5416712,4297161,4187716,24656,Présidentielles12017,0.59,79.33,2.02,Rouge,#EE4A40
Nathalie ARTHAUD,Lutte ouvrière,LO,2017,Présidentielles,1,93,3567740,2810838,2750937,10437,Présidentielles12017,0.38,78.78,1.68,Rouge,#EE4A40
Nathalie ARTHAUD,Lutte ouvrière,LO,2017,Présidentielles,1,94,233656,158991,154376,495,Présidentielles12017,0.32,68.04,1.98,Rouge,#EE4A40
Nathalie ARTHAUD,Lutte ouvrière,LO,2017,Présidentielles,1,ROM,432238,186961,178413,1642,Présidentielles12017,0.92,43.25,1.98,Rouge,#EE4A40
Nicolas DUPONT-AIGNAN,Debout la France,DLF,2017,Présidentielles,1,01,316345,126651,112242,2042,Présidentielles12017,1.82,40.04,4.55,Bleu marine,#0C295A
Nicolas DUPONT-AIGNAN,Debout la France,DLF,2017,Présidentielles,1,02,310812,123957,109264,2338,Présidentielles12017,2.14,39.88,4.73,Bleu marine,#0C295A
Nicolas DUPONT-AIGNAN,Debout la France,DLF,2017,Présidentielles,1,03,92935,31925,26839,472,Présidentielles12017,1.76,34.35,5.47,Bleu marine,#0C295A
Nicolas DUPONT-AIGNAN,Debout la France,DLF,2017,Présidentielles,1,04,639481,375252,350480,10123,Présidentielles12017,2.89,58.68,3.87,Bleu marine,#0C295A
Nicolas DUPONT-AIGNAN,Debout la France,DLF,2017,Présidentielles,1,06,83047,36187,33130,1019,Présidentielles12017,3.08,43.57,3.68,Bleu marine,#0C295A
Nicolas DUPONT-AIGNAN,Debout la France,DLF,2017,Présidentielles,1,11,7199231,5751509,5631456,226203,Présidentielles12017,4.02,79.89,1.67,Bleu marine,#0C295A
Nicolas DUPONT-AIGNAN,Debout la France,DLF,2017,Présidentielles,1,24,1827657,1466892,1427614,82060,Présidentielles12017,5.75,80.26,2.15,Bleu marine,#0C295A
Nicolas DUPONT-AIGNAN,Debout la France,DLF,2017,Présidentielles,1,27,2001725,1588715,1544962,87267,Présidentielles12017,5.65,79.37,2.19,Bleu marine,#0C295A
Nicolas DUPONT-AIGNAN,Debout la France,DLF,2017,Présidentielles,1,28,2398182,1939818,1891428,98907,Présidentielles12017,5.23,80.89,2.02,Bleu marine,#0C295A
Nicolas DUPONT-AIGNAN,Debout la France,DLF,2017,Présidentielles,1,32,4241887,3316694,3232524,160721,Présidentielles12017,4.97,78.19,1.98,Bleu marine,#0C295A
Nicolas DUPONT-AIGNAN,Debout la France,DLF,2017,Présidentielles,1,44,3873402,3047571,2971625,182200,Présidentielles12017,6.13,78.68,1.96,Bleu marine,#0C295A
Nicolas DUPONT-AIGNAN,Debout la France,DLF,2017,Présidentielles,1,52,2705170,2252699,2191921,109842,Présidentielles12017,5.01,83.27,2.25,Bleu marine,#0C295A
Nicolas DUPONT-AIGNAN,Debout la France,DLF,2017,Présidentielles,1,53,2453683,2048612,2000330,87928,Présidentielles12017,4.4,83.49,1.97,Bleu marine,#0C295A
Nicolas DUPONT-AIGNAN,Debout la France,DLF,2017,Présidentielles,1,75,4329942,3483794,3389374,155581,Présidentielles12017,4.59,80.46,2.18,Bleu marine,#0C295A
Nicolas DUPONT-AIGNAN,Debout la France,DLF,2017,Présidentielles,1,76,4194937,3400379,3316240,135403,Présidentielles12017,4.08,81.06,2.01,Bleu marine,#0C295A
Nicolas DUPONT-AIGNAN,Debout la France,DLF,2017,Présidentielles,1,84,5416712,4297161,4187716,215883,Présidentielles12017,5.16,79.33,2.02,Bleu marine,#0C295A
Nicolas DUPONT-AIGNAN,Debout la France,DLF,2017,Présidentielles,1,93,3567740,2810838,2750937,119050,Présidentielles12017,4.33,78.78,1.68,Bleu marine,#0C295A
Nicolas DUPONT-AIGNAN,Debout la France,DLF,2017,Présidentielles,1,94,233656,158991,154376,4462,Présidentielles12017,2.89,68.04,1.98,Bleu marine,#0C295A
Nicolas DUPONT-AIGNAN,Debout la France,DLF,2017,Présidentielles,1,ROM,432238,186961,178413,4662,Présidentielles12017,2.61,43.25,1.98,Bleu marine,#0C295A
Philippe PETIT,Union des démocrates et indépendants,LUDI,2015,Régionales,1,02,310723,127716,120629,1818,Régionales12015,1.51,41.1,2.28,Bleu ciel,#39C3FF
Philippe POUTOU,Nouveau Parti Anticapitaliste,NPA,2017,Présidentielles,1,01,316345,126651,112242,2300,Présidentielles12017,2.05,40.04,4.55,Rouge,#EE4A40
Philippe POUTOU,Nouveau Parti Anticapitaliste,NPA,2017,Présidentielles,1,02,310812,123957,109264,3217,Présidentielles12017,2.94,39.88,4.73,Rouge,#EE4A40
Philippe POUTOU,Nouveau Parti Anticapitaliste,NPA,2017,Présidentielles,1,03,92935,31925,26839,1405,Présidentielles12017,5.23,34.35,5.47,Rouge,#EE4A40
Philippe POUTOU,Nouveau Parti Anticapitaliste,NPA,2017,Présidentielles,1,04,639481,375252,350480,4377,Présidentielles12017,1.25,58.68,3.87,Rouge,#EE4A40
Philippe POUTOU,Nouveau Parti Anticapitaliste,NPA,2017,Présidentielles,1,06,83047,36187,33130,621,Présidentielles12017,1.87,43.57,3.68,Rouge,#EE4A40
Philippe POUTOU,Nouveau Parti Anticapitaliste,NPA,2017,Présidentielles,1,11,7199231,5751509,5631456,45705,Présidentielles12017,0.81,79.89,1.67,Rouge,#EE4A40
Philippe POUTOU,Nouveau Parti Anticapitaliste,NPA,2017,Présidentielles,1,24,1827657,1466892,1427614,16282,Présidentielles12017,1.14,80.26,2.15,Rouge,#EE4A40
Philippe POUTOU,Nouveau Parti Anticapitaliste,NPA,2017,Présidentielles,1,27,2001725,1588715,1544962,18533,Présidentielles12017,1.2,79.37,2.19,Rouge,#EE4A40
Philippe POUTOU,Nouveau Parti Anticapitaliste,NPA,2017,Présidentielles,1,28,2398182,1939818,1891428,23804,Présidentielles12017,1.26,80.89,2.02,Rouge,#EE4A40
Philippe POUTOU,Nouveau Parti Anticapitaliste,NPA,2017,Présidentielles,1,32,4241887,3316694,3232524,33652,Présidentielles12017,1.04,78.19,1.98,Rouge,#EE4A40
Philippe POUTOU,Nouveau Parti Anticapitaliste,NPA,2017,Présidentielles,1,44,3873402,3047571,2971625,34468,Présidentielles12017,1.16,78.68,1.96,Rouge,#EE4A40
Philippe POUTOU,Nouveau Parti Anticapitaliste,NPA,2017,Présidentielles,1,52,2705170,2252699,2191921,26340,Présidentielles12017,1.2,83.27,2.25,Rouge,#EE4A40
Philippe POUTOU,Nouveau Parti Anticapitaliste,NPA,2017,Présidentielles,1,53,2453683,2048612,2000330,27092,Présidentielles12017,1.35,83.49,1.97,Rouge,#EE4A40
Philippe POUTOU,Nouveau Parti Anticapitaliste,NPA,2017,Présidentielles,1,75,4329942,3483794,3389374,49646,Présidentielles12017,1.46,80.46,2.18,Rouge,#EE4A40
Philippe POUTOU,Nouveau Parti Anticapitaliste,NPA,2017,Présidentielles,1,76,4194937,3400379,3316240,35216,Présidentielles12017,1.06,81.06,2.01,Rouge,#EE4A40
Philippe POUTOU,Nouveau Parti Anticapitaliste,NPA,2017,Présidentielles,1,84,5416712,4297161,4187716,43509,Présidentielles12017,1.04,79.33,2.02,Rouge,#EE4A40
Philippe POUTOU,Nouveau Parti Anticapitaliste,NPA,2017,Présidentielles,1,93,3567740,2810838,2750937,21314,Présidentielles12017,0.77,78.78,1.68,Rouge,#EE4A40
Philippe POUTOU,Nouveau Parti Anticapitaliste,NPA,2017,Présidentielles,1,94,233656,158991,154376,1374,Présidentielles12017,0.89,68.04,1.98,Rouge,#EE4A40
Philippe POUTOU,Nouveau Parti Anticapitaliste,NPA,2017,Présidentielles,1,ROM,432238,186961,178413,2236,Présidentielles12017,1.25,43.25,1.98,Rouge,#EE4A40
M. Ary CHALUS,Liste divers centre,LDVC,2021,Régionales,1,01,316472,97379,91485,45110,Régionales12021,49.31,30.77,1.86,Jaune,#FFCE3E
Mme Catherine CONCONNE,Liste divers centre,LDVC,2021,Régionales,1,02,306530,99471,95614,10166,Régionales12021,10.63,32.45,1.26,Jaune,#FFCE3E
M. Philippe JOCK,Liste divers centre,LDVC,2021,Régionales,1,02,306530,99471,95614,3747,Régionales12021,3.92,32.45,1.26,Jaune,#FFCE3E
M. Ralph Donald Yves MONPLAISIR,Liste divers centre,LDVC,2021,Régionales,1,02,306530,99471,95614,1042,Régionales12021,1.09,32.45,1.26,Jaune,#FFCE3E
Mme Brigitte KLINKERT,Liste divers centre,LDVC,2021,Régionales,1,44,3829952,1134179,1078379,116120,Régionales12021,10.77,29.61,1.46,Jaune,#FFCE3E
Mme Josette BOREL-LINCERTIN,Liste du Parti socialiste,LSOC,2021,Régionales,1,01,316472,97379,91485,15900,Régionales12021,17.38,30.77,1.86,Rose,#FF5E9A
M. Ronald SELBONNE,Liste régionaliste,LREG,2021,Régionales,1,01,316472,97379,91485,8591,Régionales12021,9.39,30.77,1.86,Gris,#E0E0E0
M. Alain PLAISIR,Liste régionaliste,LREG,2021,Régionales,1,01,316472,97379,91485,2324,Régionales12021,2.54,30.77,1.86,Gris,#E0E0E0
M. Alfred MARIE-JEANNE,Liste régionaliste,LREG,2021,Régionales,1,02,306530,99471,95614,24664,Régionales12021,25.8,32.45,1.26,Gris,#E0E0E0
M. Jean-Philippe NILOR,Liste régionaliste,LREG,2021,Régionales,1,02,306530,99471,95614,11481,Régionales12021,12.01,32.45,1.26,Gris,#E0E0E0
M. Rodolphe ALEXANDRE,Liste régionaliste,LREG,2021,Régionales,1,03,101818,35426,34361,15020,Régionales12021,43.71,34.79,1.05,Gris,#E0E0E0
M. Martin MEYER,Liste régionaliste,LREG,2021,Régionales,1,44,3829952,1134179,1078379,39568,Régionales12021,3.67,29.61,1.46,Gris,#E0E0E0
M. Joannic MARTIN,Liste régionaliste,LREG,2021,Régionales,1,53,2493602,892415,851237,13192,Régionales12021,1.55,35.79,1.65,Gris,#E0E0E0
M. Jean-Luc DAVEZAC,Liste régionaliste,LREG,2021,Régionales,1,76,4220483,1571519,1509081,11510,Régionales12021,0.76,37.24,1.48,Gris,#E0E0E0
M. Hervé GUERRERA,Liste régionaliste,LREG,2021,Régionales,1,93,3580639,1207321,1156069,25209,Régionales12021,2.18,33.72,1.43,Gris,#E0E0E0
M. Gilles SIMEONI,Liste régionaliste,LREG,2021,Régionales,1,94,239808,136887,134457,39247,Régionales12021,29.19,57.08,1.01,Gris,#E0E0E0
M. Jean-Christophe ANGELINI,Liste régionaliste,LREG,2021,Régionales,1,94,239808,136887,134457,17772,Régionales12021,13.22,57.08,1.01,Gris,#E0E0E0
M. Paul-Félix BENEDETTI,Liste régionaliste,LREG,2021,Régionales,1,94,239808,136887,134457,11282,Régionales12021,8.39,57.08,1.01,Gris,#E0E0E0
M. Jean-Guy TALAMONI,Liste régionaliste,LREG,2021,Régionales,1,94,239808,136887,134457,9280,Régionales12021,6.9,57.08,1.01,Gris,#E0E0E0
"M. Max, Mathias MATHIASIN",Liste divers gauche,LDVG,2021,Régionales,1,01,316472,97379,91485,5090,Régionales12021,5.56,30.77,1.86,Rose clair,#FFAECD
"M. Max, Mathias MATHIASIN",Liste divers gauche,LDVG,2021,Régionales,1,01,316472,97379,91485,5090,Régionales12021,5.56,30.77,1.86,Rose,#FF5E9A
M. Serge LETCHIMY,Liste divers gauche,LDVG,2021,Régionales,1,02,306530,99471,95614,30267,Régionales12021,31.66,32.45,1.26,Rose clair,#FFAECD
M. Serge LETCHIMY,Liste divers gauche,LDVG,2021,Régionales,1,02,306530,99471,95614,30267,Régionales12021,31.66,32.45,1.26,Rose,#FF5E9A
Mme Béatrice BELLAY,Liste divers gauche,LDVG,2021,Régionales,1,02,306530,99471,95614,3407,Régionales12021,3.56,32.45,1.26,Rose clair,#FFAECD
Mme Béatrice BELLAY,Liste divers gauche,LDVG,2021,Régionales,1,02,306530,99471,95614,3407,Régionales12021,3.56,32.45,1.26,Rose,#FF5E9A
M. Gabriel SERVILLE,Liste divers gauche,LDVG,2021,Régionales,1,03,101818,35426,34361,9510,Régionales12021,27.68,34.79,1.05,Rose clair,#FFAECD
M. Gabriel SERVILLE,Liste divers gauche,LDVG,2021,Régionales,1,03,101818,35426,34361,9510,Régionales12021,27.68,34.79,1.05,Rose,#FF5E9A
Mme Vanessa MIRANVILLE,Liste divers gauche,LDVG,2021,Régionales,1,04,668617,243787,230919,22879,Régionales12021,9.91,36.46,1.92,Rose clair,#FFAECD
Mme Vanessa MIRANVILLE,Liste divers gauche,LDVG,2021,Régionales,1,04,668617,243787,230919,22879,Régionales12021,9.91,36.46,1.92,Rose,#FF5E9A
M. Patrick LEBRETON,Liste divers gauche,LDVG,2021,Régionales,1,04,668617,243787,230919,17977,Régionales12021,7.78,36.46,1.92,Rose clair,#FFAECD
M. Patrick LEBRETON,Liste divers gauche,LDVG,2021,Régionales,1,04,668617,243787,230919,17977,Régionales12021,7.78,36.46,1.92,Rose,#FF5E9A
M. Olivier HOARAU,Liste divers gauche,LDVG,2021,Régionales,1,04,668617,243787,230919,9800,Régionales12021,4.24,36.46,1.92,Rose clair,#FFAECD
M. Olivier HOARAU,Liste divers gauche,LDVG,2021,Régionales,1,04,668617,243787,230919,9800,Régionales12021,4.24,36.46,1.92,Rose,#FF5E9A
M. Jérémy CLÉMENT,Liste divers gauche,LDVG,2021,Régionales,1,24,1816435,594777,568784,23171,Régionales12021,4.07,32.74,1.43,Rose clair,#FFAECD
M. Jérémy CLÉMENT,Liste divers gauche,LDVG,2021,Régionales,1,24,1816435,594777,568784,23171,Régionales12021,4.07,32.74,1.43,Rose,#FF5E9A
Mme Marie-Guite DUFAY,Liste divers gauche,LDVG,2021,Régionales,1,27,1967032,686005,653942,173393,Régionales12021,26.52,34.88,1.63,Rose clair,#FFAECD
Mme Marie-Guite DUFAY,Liste divers gauche,LDVG,2021,Régionales,1,27,1967032,686005,653942,173393,Régionales12021,26.52,34.88,1.63,Rose,#FF5E9A
M. Jean-Charles ORSUCCI,Liste divers gauche,LDVG,2021,Régionales,1,94,239808,136887,134457,7957,Régionales12021,5.92,57.08,1.01,Rose clair,#FFAECD
M. Jean-Charles ORSUCCI,Liste divers gauche,LDVG,2021,Régionales,1,94,239808,136887,134457,7957,Régionales12021,5.92,57.08,1.01,Rose,#FF5E9A
"Mme Sonia, Iabelle PETRO",Liste des Républicains,LLR,2021,Régionales,1,01,316472,97379,91485,3370,Régionales12021,3.68,30.77,1.86,Bleu,#045BFF
M. Gilles PLATRET,Liste des Républicains,LLR,2021,Régionales,1,27,1967032,686005,653942,137596,Régionales12021,21.04,34.88,1.63,Bleu,#045BFF
Mme Isabelle LE CALLENNEC,Liste des Républicains,LLR,2021,Régionales,1,53,2493602,892415,851237,138541,Régionales12021,16.28,35.79,1.65,Bleu,#045BFF
M. Nicolas FLORIAN,Liste des Républicains,LLR,2021,Régionales,1,75,4352306,1565182,1493620,186348,Régionales12021,12.48,35.96,1.64,Bleu,#045BFF
M. Renaud MUSELIER,Liste des Républicains,LLR,2021,Régionales,1,93,3580639,1207321,1156069,368937,Régionales12021,31.91,33.72,1.43,Bleu,#045BFF
Mme Maxette PIRBAKAS,Liste divers droite,LDVD,2021,Régionales,1,01,316472,97379,91485,3131,Régionales12021,3.42,30.77,1.86,Bleu,#045BFF
M. Yan MONPLAISIR,Liste divers droite,LDVD,2021,Régionales,1,02,306530,99471,95614,4470,Régionales12021,4.68,32.45,1.26,Bleu,#045BFF
Mme Corinne DE FLORE,Liste divers droite,LDVD,2021,Régionales,1,04,668617,243787,230919,506,Régionales12021,0.22,36.46,1.92,Bleu,#045BFF
M. Eddie PUYJALON,Liste divers droite,LDVD,2021,Régionales,1,75,4352306,1565182,1493620,108882,Régionales12021,7.29,35.96,1.64,Bleu,#045BFF
M. Laurent MARCANGELI,Liste divers droite,LDVD,2021,Régionales,1,94,239808,136887,134457,33432,Régionales12021,24.86,57.08,1.01,Bleu,#045BFF
M. Eric CORIOLAN,Liste divers,LDIV,2021,Régionales,1,01,316472,97379,91485,2638,Régionales12021,2.88,30.77,1.86,Gris,#E0E0E0
"Mme Christelle, Renée NANOR",Liste divers,LDIV,2021,Régionales,1,01,316472,97379,91485,1287,Régionales12021,1.41,30.77,1.86,Gris,#E0E0E0
"M. Willy, Kévin WILLIAM",Liste divers,LDIV,2021,Régionales,1,01,316472,97379,91485,1069,Régionales12021,1.17,30.77,1.86,Gris,#E0E0E0
M. Tony DELANNAY,Liste divers,LDIV,2021,Régionales,1,01,316472,97379,91485,532,Régionales12021,0.58,30.77,1.86,Gris,#E0E0E0
M. Guy Christian Marie FERDINAND,Liste divers,LDIV,2021,Régionales,1,02,306530,99471,95614,1018,Régionales12021,1.06,32.45,1.26,Gris,#E0E0E0
M. Jessi AMERICAIN,Liste divers,LDIV,2021,Régionales,1,03,101818,35426,34361,1811,Régionales12021,5.27,34.79,1.05,Gris,#E0E0E0
M. Éric BERLINGEN,Liste divers,LDIV,2021,Régionales,1,11,7240948,2232141,2175649,12992,Régionales12021,0.6,30.83,0.78,Gris,#E0E0E0
M. Lionel BROT,Liste divers,LDIV,2021,Régionales,1,11,7240948,2232141,2175649,11696,Régionales12021,0.54,30.83,0.78,Gris,#E0E0E0
Mme Fabiola CONTI,Liste divers,LDIV,2021,Régionales,1,11,7240948,2232141,2175649,4147,Régionales12021,0.19,30.83,0.78,Gris,#E0E0E0
Mme Stéphanie KERBARH,Liste divers,LDIV,2021,Régionales,1,28,2384818,786762,754925,7971,Régionales12021,1.06,32.99,1.33,Gris,#E0E0E0
M. Audric ALEXANDRE,Liste divers,LDIV,2021,Régionales,1,32,4226927,1388093,1330428,6700,Régionales12021,0.5,32.84,1.36,Gris,#E0E0E0
M. Adil TYANE,Liste divers,LDIV,2021,Régionales,1,44,3829952,1134179,1078379,5262,Régionales12021,0.49,29.61,1.46,Gris,#E0E0E0
Mme Linda RIGAUDEAU,Liste divers,LDIV,2021,Régionales,1,52,2775345,852833,813317,4845,Régionales12021,0.6,30.73,1.42,Gris,#E0E0E0
M. Christophe DAVIET,Liste divers,LDIV,2021,Régionales,1,53,2493602,892415,851237,4198,Régionales12021,0.49,35.79,1.65,Gris,#E0E0E0
M. Kamel ELAHIAR,Liste divers,LDIV,2021,Régionales,1,53,2493602,892415,851237,1030,Régionales12021,0.12,35.79,1.65,Gris,#E0E0E0
M. Anthony LE BOURSICAUD,Liste divers,LDIV,2021,Régionales,1,76,4220483,1571519,1509081,6209,Régionales12021,0.41,37.24,1.48,Gris,#E0E0E0
Mme Shella GILL,Liste divers,LDIV,2021,Régionales,1,84,5403344,1761218,1713647,11198,Régionales12021,0.65,32.59,0.88,Gris,#E0E0E0
M. Farid OMEIR,Liste divers,LDIV,2021,Régionales,1,84,5403344,1761218,1713647,5684,Régionales12021,0.33,32.59,0.88,Gris,#E0E0E0
M. Mikael VINCENZI,Liste divers,LDIV,2021,Régionales,1,93,3580639,1207321,1156069,2838,Régionales12021,0.25,33.72,1.43,Gris,#E0E0E0
M. Jean-Marie NOMERTIN,Liste d'extrême gauche,LEXG,2021,Régionales,1,01,316472,97379,91485,2443,Régionales12021,2.67,30.77,1.86,Rouge,#EE4A40
M. Olivier BERISSON,Liste d'extrême gauche,LEXG,2021,Régionales,1,02,306530,99471,95614,2135,Régionales12021,2.23,32.45,1.26,Rouge,#EE4A40
M. Marcel SELLAYE,Liste d'extrême gauche,LEXG,2021,Régionales,1,02,306530,99471,95614,661,Régionales12021,0.69,32.45,1.26,Rouge,#EE4A40
M. Gabriel JEAN-MARIE,Liste d'extrême gauche,LEXG,2021,Régionales,1,02,306530,99471,95614,565,Régionales12021,0.59,32.45,1.26,Rouge,#EE4A40
M. Jean Yves PAYET,Liste d'extrême gauche,LEXG,2021,Régionales,1,04,668617,243787,230919,2627,Régionales12021,1.14,36.46,1.92,Rouge,#EE4A40
Mme Nathalie ARTHAUD,Liste d'extrême gauche,LEXG,2021,Régionales,1,11,7240948,2232141,2175649,32414,Régionales12021,1.49,30.83,0.78,Rouge,#EE4A40
Mme Farida MEGDOUD,Liste d'extrême gauche,LEXG,2021,Régionales,1,24,1816435,594777,568784,14555,Régionales12021,2.56,32.74,1.43,Rouge,#EE4A40
Mme Claire ROCHER,Liste d'extrême gauche,LEXG,2021,Régionales,1,27,1967032,686005,653942,17829,Régionales12021,2.73,34.88,1.63,Rouge,#EE4A40
M. Pascal LE MANACH,Liste d'extrême gauche,LEXG,2021,Régionales,1,28,2384818,786762,754925,23733,Régionales12021,3.14,32.99,1.33,Rouge,#EE4A40
M. Éric PECQUEUR,Liste d'extrême gauche,LEXG,2021,Régionales,1,32,4226927,1388093,1330428,47325,Régionales12021,3.56,32.84,1.36,Rouge,#EE4A40
Mme Louise FÈVE,Liste d'extrême gauche,LEXG,2021,Régionales,1,44,3829952,1134179,1078379,28091,Régionales12021,2.6,29.61,1.46,Rouge,#EE4A40
M. Eddy LE BELLER,Liste d'extrême gauche,LEXG,2021,Régionales,1,52,2775345,852833,813317,21350,Régionales12021,2.63,30.73,1.42,Rouge,#EE4A40
Mme Valérie HAMON,Liste d'extrême gauche,LEXG,2021,Régionales,1,53,2493602,892415,851237,19208,Régionales12021,2.26,35.79,1.65,Rouge,#EE4A40
Mme Clémence GUETTÉ,Liste d'extrême gauche,LEXG,2021,Régionales,1,75,4352306,1565182,1493620,84630,Régionales12021,5.67,35.96,1.64,Rouge,#EE4A40
M. Guillaume PERCHET,Liste d'extrême gauche,LEXG,2021,Régionales,1,75,4352306,1565182,1493620,26012,Régionales12021,1.74,35.96,1.64,Rouge,#EE4A40
Mme Malena ADRADA,Liste d'extrême gauche,LEXG,2021,Régionales,1,76,4220483,1571519,1509081,26720,Régionales12021,1.77,37.24,1.48,Rouge,#EE4A40
Mme Chantal GOMEZ,Liste d'extrême gauche,LEXG,2021,Régionales,1,84,5403344,1761218,1713647,26742,Régionales12021,1.56,32.59,0.88,Rouge,#EE4A40
Mme Isabelle BONNET,Liste d'extrême gauche,LEXG,2021,Régionales,1,93,3580639,1207321,1156069,31878,Régionales12021,2.76,33.72,1.43,Rouge,#EE4A40
M. Max ORVILLE,Liste du Modem,LMDM,2021,Régionales,1,02,306530,99471,95614,1379,Régionales12021,1.44,32.45,1.26,Orange,#FF8948
M. Philippe PETIT,Liste de l'Union des démocrates et indépendants,LUDI,2021,Régionales,1,02,306530,99471,95614,612,Régionales12021,0.64,32.45,1.26,Bleu ciel,#39C3FF
M. Jean Paul FEREIRA,Liste d'union à gauche avec des écologistes,LUGE,2021,Régionales,1,03,101818,35426,34361,8020,Régionales12021,23.34,34.79,1.05,Vert,#44EE8B
M. Charles FOURNIER,Liste d'union à gauche avec des écologistes,LUGE,2021,Régionales,1,24,1816435,594777,568784,61690,Régionales12021,10.85,32.74,1.43,Vert,#44EE8B
Mme Mélanie BOULANGER,Liste d'union à gauche avec des écologistes,LUGE,2021,Régionales,1,28,2384818,786762,754925,138647,Régionales12021,18.37,32.99,1.33,Vert,#44EE8B
Mme Karima DELLI,Liste d'union à gauche avec des écologistes,LUGE,2021,Régionales,1,32,4226927,1388093,1330428,252404,Régionales12021,18.97,32.84,1.36,Vert,#44EE8B
Mme Eliane ROMANI,Liste d'union à gauche avec des écologistes,LUGE,2021,Régionales,1,44,3829952,1134179,1078379,157461,Régionales12021,14.6,29.61,1.46,Vert,#44EE8B
M. Matthieu ORPHELIN,Liste d'union à gauche avec des écologistes,LUGE,2021,Régionales,1,52,2775345,852833,813317,152081,Régionales12021,18.7,30.73,1.42,Vert,#44EE8B
Mme Claire DESMARES-POIRRIER,Liste d'union à gauche avec des écologistes,LUGE,2021,Régionales,1,53,2493602,892415,851237,126313,Régionales12021,14.84,35.79,1.65,Vert,#44EE8B
Mme Carole DELGA,Liste d'union à gauche avec des écologistes,LUGE,2021,Régionales,1,76,4220483,1571519,1509081,597157,Régionales12021,39.57,37.24,1.48,Vert,#44EE8B
M. Jean-Laurent FELIZIA,Liste d'union à gauche avec des écologistes,LUGE,2021,Régionales,1,93,3580639,1207321,1156069,195233,Régionales12021,16.89,33.72,1.43,Vert,#44EE8B
M. Didier ROBERT,Liste d'union au centre et à droite,LUCD,2021,Régionales,1,04,668617,243787,230919,71798,Régionales12021,31.09,36.46,1.92,Jaune,#FFCE3E
M. Nicolas FORISSIER,Liste d'union au centre et à droite,LUCD,2021,Régionales,1,24,1816435,594777,568784,107031,Régionales12021,18.82,32.74,1.43,Jaune,#FFCE3E
M. Hervé MORIN,Liste d'union au centre et à droite,LUCD,2021,Régionales,1,28,2384818,786762,754925,278263,Régionales12021,36.86,32.99,1.33,Jaune,#FFCE3E
M. Jean ROTTNER,Liste d'union au centre et à droite,LUCD,2021,Régionales,1,44,3829952,1134179,1078379,335954,Régionales12021,31.15,29.61,1.46,Jaune,#FFCE3E
Mme Christelle MORANÇAIS,Liste d'union au centre et à droite,LUCD,2021,Régionales,1,52,2775345,852833,813317,278948,Régionales12021,34.3,30.73,1.42,Jaune,#FFCE3E
Mme Huguette BELLO,Liste d'union à gauche,LUG,2021,Régionales,1,04,668617,243787,230919,47899,Régionales12021,20.74,36.46,1.92,Rose clair,#FFAECD
Mme Huguette BELLO,Liste d'union à gauche,LUG,2021,Régionales,1,04,668617,243787,230919,47899,Régionales12021,20.74,36.46,1.92,Rose,#FF5E9A
Mme Ericka BAREIGTS,Liste d'union à gauche,LUG,2021,Régionales,1,04,668617,243787,230919,42682,Régionales12021,18.48,36.46,1.92,Rose clair,#FFAECD
Mme Ericka BAREIGTS,Liste d'union à gauche,LUG,2021,Régionales,1,04,668617,243787,230919,42682,Régionales12021,18.48,36.46,1.92,Rose,#FF5E9A
Mme Audrey PULVAR,Liste d'union à gauche,LUG,2021,Régionales,1,11,7240948,2232141,2175649,240875,Régionales12021,11.07,30.83,0.78,Rose clair,#FFAECD
Mme Audrey PULVAR,Liste d'union à gauche,LUG,2021,Régionales,1,11,7240948,2232141,2175649,240875,Régionales12021,11.07,30.83,0.78,Rose,#FF5E9A
Mme Clémentine AUTAIN,Liste d'union à gauche,LUG,2021,Régionales,1,11,7240948,2232141,2175649,222592,Régionales12021,10.23,30.83,0.78,Rose clair,#FFAECD
Mme Clémentine AUTAIN,Liste d'union à gauche,LUG,2021,Régionales,1,11,7240948,2232141,2175649,222592,Régionales12021,10.23,30.83,0.78,Rose,#FF5E9A
M. François BONNEAU,Liste d'union à gauche,LUG,2021,Régionales,1,24,1816435,594777,568784,141136,Régionales12021,24.81,32.74,1.43,Rose clair,#FFAECD
M. François BONNEAU,Liste d'union à gauche,LUG,2021,Régionales,1,24,1816435,594777,568784,141136,Régionales12021,24.81,32.74,1.43,Rose,#FF5E9A
M. Bastien FAUDOT,Liste d'union à gauche,LUG,2021,Régionales,1,27,1967032,686005,653942,29424,Régionales12021,4.5,34.88,1.63,Rose clair,#FFAECD
M. Bastien FAUDOT,Liste d'union à gauche,LUG,2021,Régionales,1,27,1967032,686005,653942,29424,Régionales12021,4.5,34.88,1.63,Rose,#FF5E9A
M. Sébastien JUMEL,Liste d'union à gauche,LUG,2021,Régionales,1,28,2384818,786762,754925,72777,Régionales12021,9.64,32.99,1.33,Rose clair,#FFAECD
M. Sébastien JUMEL,Liste d'union à gauche,LUG,2021,Régionales,1,28,2384818,786762,754925,72777,Régionales12021,9.64,32.99,1.33,Rose,#FF5E9A
Mme Aurélie FILIPPETTI,Liste d'union à gauche,LUG,2021,Régionales,1,44,3829952,1134179,1078379,93168,Régionales12021,8.64,29.61,1.46,Rose clair,#FFAECD
Mme Aurélie FILIPPETTI,Liste d'union à gauche,LUG,2021,Régionales,1,44,3829952,1134179,1078379,93168,Régionales12021,8.64,29.61,1.46,Rose,#FF5E9A
M. Guillaume GAROT,Liste d'union à gauche,LUG,2021,Régionales,1,52,2775345,852833,813317,132693,Régionales12021,16.32,30.73,1.42,Rose clair,#FFAECD
M. Guillaume GAROT,Liste d'union à gauche,LUG,2021,Régionales,1,52,2775345,852833,813317,132693,Régionales12021,16.32,30.73,1.42,Rose,#FF5E9A
M. Loïg CHESNAIS-GIRARD,Liste d'union à gauche,LUG,2021,Régionales,1,53,2493602,892415,851237,178362,Régionales12021,20.95,35.79,1.65,Rose clair,#FFAECD
M. Loïg CHESNAIS-GIRARD,Liste d'union à gauche,LUG,2021,Régionales,1,53,2493602,892415,851237,178362,Régionales12021,20.95,35.79,1.65,Rose,#FF5E9A
M. Alain ROUSSET,Liste d'union à gauche,LUG,2021,Régionales,1,75,4352306,1565182,1493620,430659,Régionales12021,28.83,35.96,1.64,Rose clair,#FFAECD
M. Alain ROUSSET,Liste d'union à gauche,LUG,2021,Régionales,1,75,4352306,1565182,1493620,430659,Régionales12021,28.83,35.96,1.64,Rose,#FF5E9A
Mme Najat VALLAUD-BELKACEM,Liste d'union à gauche,LUG,2021,Régionales,1,84,5403344,1761218,1713647,195727,Régionales12021,11.42,32.59,0.88,Rose clair,#FFAECD
Mme Najat VALLAUD-BELKACEM,Liste d'union à gauche,LUG,2021,Régionales,1,84,5403344,1761218,1713647,195727,Régionales12021,11.42,32.59,0.88,Rose,#FF5E9A
Mme Cécile CUKIERMAN,Liste d'union à gauche,LUG,2021,Régionales,1,84,5403344,1761218,1713647,95434,Régionales12021,5.57,32.59,0.88,Rose clair,#FFAECD
Mme Cécile CUKIERMAN,Liste d'union à gauche,LUG,2021,Régionales,1,84,5403344,1761218,1713647,95434,Régionales12021,5.57,32.59,0.88,Rose,#FF5E9A
M. Philippe CADET,Liste écologiste,LECO,2021,Régionales,1,04,668617,243787,230919,6107,Régionales12021,2.64,36.46,1.92,Vert,#44EE8B
M. Jean-Pierre MARCHAU,Liste écologiste,LECO,2021,Régionales,1,04,668617,243787,230919,4632,Régionales12021,2.01,36.46,1.92,Vert,#44EE8B
M. Julien BAYOU,Liste écologiste,LECO,2021,Régionales,1,11,7240948,2232141,2175649,282239,Régionales12021,12.97,30.83,0.78,Vert,#44EE8B
M. Victor PAILHAC,Liste écologiste,LECO,2021,Régionales,1,11,7240948,2232141,2175649,39255,Régionales12021,1.8,30.83,0.78,Vert,#44EE8B
Mme Stéphanie MODDE,Liste écologiste,LECO,2021,Régionales,1,27,1967032,686005,653942,67618,Régionales12021,10.34,34.88,1.63,Vert,#44EE8B
M. Daniel CUEFF,Liste écologiste,LECO,2021,Régionales,1,53,2493602,892415,851237,55514,Régionales12021,6.52,35.79,1.65,Vert,#44EE8B
M. Nicolas THIERRY,Liste écologiste,LECO,2021,Régionales,1,75,4352306,1565182,1493620,180551,Régionales12021,12.09,35.96,1.64,Vert,#44EE8B
M. Antoine MAURICE,Liste écologiste,LECO,2021,Régionales,1,76,4220483,1571519,1509081,133383,Régionales12021,8.84,37.24,1.48,Vert,#44EE8B
Mme Fabienne GREBERT,Liste écologiste,LECO,2021,Régionales,1,84,5403344,1761218,1713647,248017,Régionales12021,14.47,32.59,0.88,Vert,#44EE8B
M. Jean-Marc GOVERNATORI,Liste écologiste,LECO,2021,Régionales,1,93,3580639,1207321,1156069,60991,Régionales12021,5.28,33.72,1.43,Vert,#44EE8B
Mme Agnès SIMONPIETRI,Liste écologiste,LECO,2021,Régionales,1,94,239808,136887,134457,5039,Régionales12021,3.75,57.08,1.01,Vert,#44EE8B
M. Joseph RIVIERE,Liste du Rassemblement national,LRN,2021,Régionales,1,04,668617,243787,230919,4012,Régionales12021,1.74,36.46,1.92,Bleu marine,#0C295A
M. Jordan BARDELLA,Liste du Rassemblement national,LRN,2021,Régionales,1,11,7240948,2232141,2175649,285773,Régionales12021,13.14,30.83,0.78,Bleu marine,#0C295A
M. Aleksandar NIKOLIC,Liste du Rassemblement national,LRN,2021,Régionales,1,24,1816435,594777,568784,126489,Régionales12021,22.24,32.74,1.43,Bleu marine,#0C295A
M. Julien ODOUL,Liste du Rassemblement national,LRN,2021,Régionales,1,27,1967032,686005,653942,151625,Régionales12021,23.19,34.88,1.63,Bleu marine,#0C295A
M. Nicolas BAY,Liste du Rassemblement national,LRN,2021,Régionales,1,28,2384818,786762,754925,149946,Régionales12021,19.86,32.99,1.33,Bleu marine,#0C295A
M. Sébastien CHENU,Liste du Rassemblement national,LRN,2021,Régionales,1,32,4226927,1388093,1330428,324260,Régionales12021,24.37,32.84,1.36,Bleu marine,#0C295A
M. Laurent JACOBELLI,Liste du Rassemblement national,LRN,2021,Régionales,1,44,3829952,1134179,1078379,227775,Régionales12021,21.12,29.61,1.46,Bleu marine,#0C295A
M. Hervé JUVIN,Liste du Rassemblement national,LRN,2021,Régionales,1,52,2775345,852833,813317,101951,Régionales12021,12.54,30.73,1.42,Bleu marine,#0C295A
M. Gilles PENNELLE,Liste du Rassemblement national,LRN,2021,Régionales,1,53,2493602,892415,851237,121452,Régionales12021,14.27,35.79,1.65,Bleu marine,#0C295A
Mme Edwige DIAZ,Liste du Rassemblement national,LRN,2021,Régionales,1,75,4352306,1565182,1493620,271771,Régionales12021,18.2,35.96,1.64,Bleu marine,#0C295A
M. Jean-Paul GARRAUD,Liste du Rassemblement national,LRN,2021,Régionales,1,76,4220483,1571519,1509081,341254,Régionales12021,22.61,37.24,1.48,Bleu marine,#0C295A
M. Andréa KOTARAC,Liste du Rassemblement national,LRN,2021,Régionales,1,84,5403344,1761218,1713647,211178,Régionales12021,12.32,32.59,0.88,Bleu marine,#0C295A
M. Thierry MARIANI,Liste du Rassemblement national,LRN,2021,Régionales,1,93,3580639,1207321,1156069,420633,Régionales12021,36.38,33.72,1.43,Bleu marine,#0C295A
M. François FILONI,Liste du Rassemblement national,LRN,2021,Régionales,1,94,239808,136887,134457,5378,Régionales12021,4.0,57.08,1.01,Bleu marine,#0C295A
Mme Valérie PÉCRESSE,Liste d'union à droite,LUD,2021,Régionales,1,11,7240948,2232141,2175649,787069,Régionales12021,36.18,30.83,0.78,Bleu,#045BFF
M. Xavier BERTRAND,Liste d'union à droite,LUD,2021,Régionales,1,32,4226927,1388093,1330428,551068,Régionales12021,41.42,32.84,1.36,Bleu,#045BFF
M. Aurélien PRADIÉ,Liste d'union à droite,LUD,2021,Régionales,1,76,4220483,1571519,1509081,183980,Régionales12021,12.19,37.24,1.48,Bleu,#045BFF
M. Laurent WAUQUIEZ,Liste d'union à droite,LUD,2021,Régionales,1,84,5403344,1761218,1713647,751375,Régionales12021,43.85,32.59,0.88,Bleu,#045BFF
M. Laurent SAINT-MARTIN,Liste d'union au centre,LUC,2021,Régionales,1,11,7240948,2232141,2175649,256597,Régionales12021,11.79,30.83,0.78,Jaune,#FFCE3E
M. Laurent SAINT-MARTIN,Liste d'union au centre,LUC,2021,Régionales,1,11,7240948,2232141,2175649,256597,Régionales12021,11.79,30.83,0.78,Bleu ciel,#39C3FF
M. Marc FESNEAU,Liste d'union au centre,LUC,2021,Régionales,1,24,1816435,594777,568784,94712,Régionales12021,16.65,32.74,1.43,Jaune,#FFCE3E
M. Marc FESNEAU,Liste d'union au centre,LUC,2021,Régionales,1,24,1816435,594777,568784,94712,Régionales12021,16.65,32.74,1.43,Bleu ciel,#39C3FF
M. Laurent BONNATERRE,Liste d'union au centre,LUC,2021,Régionales,1,28,2384818,786762,754925,83588,Régionales12021,11.07,32.99,1.33,Jaune,#FFCE3E
M. Laurent BONNATERRE,Liste d'union au centre,LUC,2021,Régionales,1,28,2384818,786762,754925,83588,Régionales12021,11.07,32.99,1.33,Bleu ciel,#39C3FF
M. Laurent PIETRASZEWSKI,Liste d'union au centre,LUC,2021,Régionales,1,32,4226927,1388093,1330428,121466,Régionales12021,9.13,32.84,1.36,Jaune,#FFCE3E
M. Laurent PIETRASZEWSKI,Liste d'union au centre,LUC,2021,Régionales,1,32,4226927,1388093,1330428,121466,Régionales12021,9.13,32.84,1.36,Bleu ciel,#39C3FF
M. François DE RUGY,Liste d'union au centre,LUC,2021,Régionales,1,52,2775345,852833,813317,97371,Régionales12021,11.97,30.73,1.42,Jaune,#FFCE3E
M. François DE RUGY,Liste d'union au centre,LUC,2021,Régionales,1,52,2775345,852833,813317,97371,Régionales12021,11.97,30.73,1.42,Bleu ciel,#39C3FF
M. Thierry BURLOT,Liste d'union au centre,LUC,2021,Régionales,1,53,2493602,892415,851237,132220,Régionales12021,15.53,35.79,1.65,Jaune,#FFCE3E
M. Thierry BURLOT,Liste d'union au centre,LUC,2021,Régionales,1,53,2493602,892415,851237,132220,Régionales12021,15.53,35.79,1.65,Bleu ciel,#39C3FF
Mme Geneviève DARRIEUSSECQ,Liste d'union au centre,LUC,2021,Régionales,1,75,4352306,1565182,1493620,204767,Régionales12021,13.71,35.96,1.64,Jaune,#FFCE3E
Mme Geneviève DARRIEUSSECQ,Liste d'union au centre,LUC,2021,Régionales,1,75,4352306,1565182,1493620,204767,Régionales12021,13.71,35.96,1.64,Bleu ciel,#39C3FF
M. Vincent TERRAIL-NOVÈS,Liste d'union au centre,LUC,2021,Régionales,1,76,4220483,1571519,1509081,132487,Régionales12021,8.78,37.24,1.48,Jaune,#FFCE3E
M. Vincent TERRAIL-NOVÈS,Liste d'union au centre,LUC,2021,Régionales,1,76,4220483,1571519,1509081,132487,Régionales12021,8.78,37.24,1.48,Bleu ciel,#39C3FF
M. Bruno BONNELL,Liste d'union au centre,LUC,2021,Régionales,1,84,5403344,1761218,1713647,168292,Régionales12021,9.82,32.59,0.88,Jaune,#FFCE3E
M. Bruno BONNELL,Liste d'union au centre,LUC,2021,Régionales,1,84,5403344,1761218,1713647,168292,Régionales12021,9.82,32.59,0.88,Bleu ciel,#39C3FF
M. Denis THURIOT,Liste de La République en marche,LREM,2021,Régionales,1,27,1967032,686005,653942,76457,Régionales12021,11.69,34.88,1.63,Jaune,#FFCE3E
M. José EVRARD,Liste de droite souverainiste,LDSV,2021,Régionales,1,32,4226927,1388093,1330428,27205,Régionales12021,2.04,32.84,1.36,Bleu marine,#0C295A
M. Florian PHILIPPOT,Liste de droite souverainiste,LDSV,2021,Régionales,1,44,3829952,1134179,1078379,74980,Régionales12021,6.95,29.61,1.46,Bleu marine,#0C295A
Mme Cécile BAYLE DE JESSÉ,Liste de droite souverainiste,LDSV,2021,Régionales,1,52,2775345,852833,813317,24078,Régionales12021,2.96,30.73,1.42,Bleu marine,#0C295A
M. David CABAS,Liste de droite souverainiste,LDSV,2021,Régionales,1,53,2493602,892415,851237,11919,Régionales12021,1.4,35.79,1.65,Bleu marine,#0C295A
M. Yves CHAUVEL,Liste de droite souverainiste,LDSV,2021,Régionales,1,53,2493602,892415,851237,1844,Régionales12021,0.22,35.79,1.65,Bleu marine,#0C295A
M. Noël CHUISANO,Liste de droite souverainiste,LDSV,2021,Régionales,1,93,3580639,1207321,1156069,31204,Régionales12021,2.7,33.72,1.43,Bleu marine,#0C295A
Mme Valérie LAUPIES,Liste de droite souverainiste,LDSV,2021,Régionales,1,93,3580639,1207321,1156069,19146,Régionales12021,1.66,33.72,1.43,Bleu marine,#0C295A
M. Pierre-Yves CADALEN,Liste de La France insoumise,LFI,2021,Régionales,1,53,2493602,892415,851237,47444,Régionales12021,5.57,35.79,1.65,Rouge,#EE4A40
Mme Myriam MARTIN,Liste de La France insoumise,LFI,2021,Régionales,1,76,4220483,1571519,1509081,76381,Régionales12021,5.06,37.24,1.48,Rouge,#EE4A40
M. Michel STEFANI,Liste du Parti communiste français,LCOM,2021,Régionales,1,94,239808,136887,134457,4279,Régionales12021,3.18,57.08,1.01,Rouge,#EE4A40
