,liste,nom_liste,nuance,annee,election,tour,region,inscrits,votants,exprimes,voix,clef,voixPourcent,participationPourcent,blancsNulsPourcent,Couleur,codeCouleur
0,Alain FÉDÈLE,Divers,LDIV,2015,Régionales,1,84,5310770,2597323,2507815,21723,Régionales12015,0.87,48.91,1.69,Gris,#E0E0E0
1,Alain PARISOT,Divers,LDIV,2015,Régionales,1,52,2664831,1331536,1268942,16022,Régionales12015,1.26,49.97,2.35,Gris,#E0E0E0
2,Charles-Henri GALLOIS,Divers,LDIV,2015,Régionales,1,27,1996679,1009561,962968,8835,Régionales12015,0.92,50.56,2.33,Gris,#E0E0E0
3,Daniel ROMANI,Divers,LDIV,2015,Régionales,1,93,3526091,1831409,1775257,10752,Régionales12015,0.61,51.94,1.59,Gris,#E0E0E0
4,David APPADOO,Divers,LDIV,2015,Régionales,1,04,625471,278009,265794,1264,Régionales12015,0.48,44.45,1.95,Gris,#E0E0E0
5,David WENTZEL,Divers,LDIV,2015,Régionales,1,44,3885530,1861600,1777643,19171,Régionales12015,1.08,47.91,2.16,Gris,#E0E0E0
6,Dawari HORSFALL,Divers,LDIV,2015,Régionales,1,11,7087089,3252700,3153293,7096,Régionales12015,0.23,45.9,1.4,Gris,#E0E0E0
7,Eric MASCARO,Divers,LDIV,2015,Régionales,1,32,4237839,2322851,2236792,14345,Régionales12015,0.64,54.81,2.03,Gris,#E0E0E0
8,François ASSELINEAU,Divers,LDIV,2015,Régionales,1,11,7087089,3252700,3153293,29755,Régionales12015,0.94,45.9,1.4,Gris,#E0E0E0
9,Jean-Christophe LOUTRE,Divers,LDIV,2015,Régionales,1,28,2390813,1194273,1144411,10641,Régionales12015,0.93,49.95,2.09,Gris,#E0E0E0
10,Jean-François GOURVENEC,Divers,LDIV,2015,Régionales,1,53,2421863,1249241,1202276,10412,Régionales12015,0.87,51.58,1.94,Gris,#E0E0E0
11,Mathias PAYET,Divers,LDIV,2015,Régionales,1,04,625471,278009,265794,3895,Régionales12015,1.47,44.45,1.95,Gris,#E0E0E0
12,Nathalie JOS,Divers,LDIV,2015,Régionales,1,02,310723,127716,120629,3868,Régionales12015,3.21,41.1,2.28,Gris,#E0E0E0
13,Nizarr BOURCHADA,Divers,LDIV,2015,Régionales,1,11,7087089,3252700,3153293,12528,Régionales12015,0.4,45.9,1.4,Gris,#E0E0E0
14,Sylvain DE SMET,Divers,LDIV,2015,Régionales,1,11,7087089,3252700,3153293,9547,Régionales12015,0.3,45.9,1.4,Gris,#E0E0E0
15,Thierry FOUQUIAU,Divers,LDIV,2015,Régionales,1,24,1817345,900317,859957,12759,Régionales12015,1.48,49.54,2.22,Gris,#E0E0E0
16,William DOUET,Divers,LDIV,2015,Régionales,1,75,4269146,2175973,2068865,19050,Régionales12015,0.92,50.97,2.51,Gris,#E0E0E0
17,Yvan HIRIMIRIS,Divers,LDIV,2015,Régionales,1,76,4124642,2154655,2053576,14601,Régionales12015,0.71,52.24,2.45,Gris,#E0E0E0
18,Alain PAGANO,Parti communiste français,LCOM,2015,Régionales,1,52,2664831,1331536,1268942,42305,Régionales12015,3.33,49.97,2.35,Rouge,#EE4A40
19,Cécile CUKIERMAN,Parti communiste français,LCOM,2015,Régionales,1,84,5310770,2597323,2507815,135274,Régionales12015,5.39,48.91,1.69,Rouge,#EE4A40
20,Fabien ROUSSEL,Parti communiste français,LCOM,2015,Régionales,1,32,4237839,2322851,2236792,119081,Régionales12015,5.32,54.81,2.03,Rouge,#EE4A40
21,Mona CADOCE,Parti communiste français,LCOM,2015,Régionales,1,01,313433,147975,140454,1297,Régionales12015,0.92,47.21,2.4,Rouge,#EE4A40
22,Nicolas SANSU,Parti communiste français,LCOM,2015,Régionales,1,24,1817345,900317,859957,39453,Régionales12015,4.59,49.54,2.22,Rouge,#EE4A40
23,Alain PLAISIR,Divers gauche,LDVG,2015,Régionales,1,01,313433,147975,140454,2603,Régionales12015,1.85,47.21,2.4,Rose clair,#FFAECD
24,Alain PLAISIR,Divers gauche,LDVG,2015,Régionales,1,01,313433,147975,140454,2603,Régionales12015,1.85,47.21,2.4,Rose,#FF5E9A
25,Alain TIEN-LIONG,Divers gauche,LDVG,2015,Régionales,1,03,88183,37585,36130,10926,Régionales12015,30.24,42.62,1.65,Rose clair,#FFAECD
26,Alain TIEN-LIONG,Divers gauche,LDVG,2015,Régionales,1,03,88183,37585,36130,10926,Régionales12015,30.24,42.62,1.65,Rose,#FF5E9A
27,Alain TIEN-LIONG,Divers gauche,LDVG,2015,Régionales,2,03,88202,41149,38991,17695,Régionales22015,45.38,46.65,2.45,Rose clair,#FFAECD
28,Alain TIEN-LIONG,Divers gauche,LDVG,2015,Régionales,2,03,88202,41149,38991,17695,Régionales22015,45.38,46.65,2.45,Rose,#FF5E9A
29,Alexandra LECOEUR,Divers gauche,LDVG,2015,Régionales,1,28,2390813,1194273,1144411,8981,Régionales12015,0.78,49.95,2.09,Rose clair,#FFAECD
30,Alexandra LECOEUR,Divers gauche,LDVG,2015,Régionales,1,28,2390813,1194273,1144411,8981,Régionales12015,0.78,49.95,2.09,Rose,#FF5E9A
31,Ary CHALUS,Divers gauche,LDVG,2015,Régionales,1,01,313433,147975,140454,61173,Régionales12015,43.55,47.21,2.4,Rose clair,#FFAECD
32,Ary CHALUS,Divers gauche,LDVG,2015,Régionales,1,01,313433,147975,140454,61173,Régionales12015,43.55,47.21,2.4,Rose,#FF5E9A
33,Ary CHALUS,Divers gauche,LDVG,2015,Régionales,2,01,313433,179669,171277,98466,Régionales22015,57.49,57.32,2.68,Rose clair,#FFAECD
34,Ary CHALUS,Divers gauche,LDVG,2015,Régionales,2,01,313433,179669,171277,98466,Régionales22015,57.49,57.32,2.68,Rose,#FF5E9A
35,Chantal BERTHELOT,Divers gauche,LDVG,2015,Régionales,1,03,88183,37585,36130,3067,Régionales12015,8.49,42.62,1.65,Rose clair,#FFAECD
36,Chantal BERTHELOT,Divers gauche,LDVG,2015,Régionales,1,03,88183,37585,36130,3067,Régionales12015,8.49,42.62,1.65,Rose,#FF5E9A
37,Cyril JARNY,Divers gauche,LDVG,2015,Régionales,1,93,3526091,1831409,1775257,11276,Régionales12015,0.64,51.94,1.59,Rose clair,#FFAECD
38,Cyril JARNY,Divers gauche,LDVG,2015,Régionales,1,93,3526091,1831409,1775257,11276,Régionales12015,0.64,51.94,1.59,Rose,#FF5E9A
39,Daniel GROMAT,Divers gauche,LDVG,2015,Régionales,1,02,310723,127716,120629,1558,Régionales12015,1.29,41.1,2.28,Rose clair,#FFAECD
40,Daniel GROMAT,Divers gauche,LDVG,2015,Régionales,1,02,310723,127716,120629,1558,Régionales12015,1.29,41.1,2.28,Rose,#FF5E9A
41,Gilles FABRE,Divers gauche,LDVG,2015,Régionales,1,76,4124642,2154655,2053576,17093,Régionales12015,0.83,52.24,2.45,Rose clair,#FFAECD
42,Gilles FABRE,Divers gauche,LDVG,2015,Régionales,1,76,4124642,2154655,2053576,17093,Régionales12015,0.83,52.24,2.45,Rose,#FF5E9A
43,Huguette BELLO,Divers gauche,LDVG,2015,Régionales,2,04,625440,345747,329488,155896,Régionales22015,47.31,55.28,2.6,Rose clair,#FFAECD
44,Huguette BELLO,Divers gauche,LDVG,2015,Régionales,2,04,625440,345747,329488,155896,Régionales22015,47.31,55.28,2.6,Rose,#FF5E9A
45,Jean-Charles ORSUCCI,Divers gauche,LDVG,2015,Régionales,1,94,229866,137143,133989,5532,Régionales12015,4.13,59.66,1.37,Rose clair,#FFAECD
46,Jean-Charles ORSUCCI,Divers gauche,LDVG,2015,Régionales,1,94,229866,137143,133989,5532,Régionales12015,4.13,59.66,1.37,Rose,#FF5E9A
47,Jean-Hugues RATENON,Divers gauche,LDVG,2015,Régionales,1,04,625471,278009,265794,4484,Régionales12015,1.69,44.45,1.95,Rose clair,#FFAECD
48,Jean-Hugues RATENON,Divers gauche,LDVG,2015,Régionales,1,04,625471,278009,265794,4484,Régionales12015,1.69,44.45,1.95,Rose,#FF5E9A
49,Jean-Marie TAUBIRA,Divers gauche,LDVG,2015,Régionales,1,03,88183,37585,36130,349,Régionales12015,0.97,42.62,1.65,Rose clair,#FFAECD
50,Jean-Marie TAUBIRA,Divers gauche,LDVG,2015,Régionales,1,03,88183,37585,36130,349,Régionales12015,0.97,42.62,1.65,Rose,#FF5E9A
51,Jean-Pierre MASSERET,Divers gauche,LDVG,2015,Régionales,2,44,3885868,2293374,2189981,339756,Régionales22015,15.51,59.02,2.66,Rose clair,#FFAECD
52,Jean-Pierre MASSERET,Divers gauche,LDVG,2015,Régionales,2,44,3885868,2293374,2189981,339756,Régionales22015,15.51,59.02,2.66,Rose,#FF5E9A
53,Joseph BOUSSION,Divers gauche,LDVG,2015,Régionales,1,75,4269146,2175973,2068865,38315,Régionales12015,1.85,50.97,2.51,Rose clair,#FFAECD
54,Joseph BOUSSION,Divers gauche,LDVG,2015,Régionales,1,75,4269146,2175973,2068865,38315,Régionales12015,1.85,50.97,2.51,Rose,#FF5E9A
55,Line LÉTARD,Divers gauche,LDVG,2015,Régionales,1,03,88183,37585,36130,2565,Régionales12015,7.1,42.62,1.65,Rose clair,#FFAECD
56,Line LÉTARD,Divers gauche,LDVG,2015,Régionales,1,03,88183,37585,36130,2565,Régionales12015,7.1,42.62,1.65,Rose,#FF5E9A
57,Nicolas PEREIRA,Divers gauche,LDVG,2015,Régionales,1,75,4269146,2175973,2068865,24964,Régionales12015,1.21,50.97,2.51,Rose clair,#FFAECD
58,Nicolas PEREIRA,Divers gauche,LDVG,2015,Régionales,1,75,4269146,2175973,2068865,24964,Régionales12015,1.21,50.97,2.51,Rose,#FF5E9A
59,Patrick LEBRETON,Divers gauche,LDVG,2015,Régionales,1,04,625471,278009,265794,18919,Régionales12015,7.12,44.45,1.95,Rose clair,#FFAECD
60,Patrick LEBRETON,Divers gauche,LDVG,2015,Régionales,1,04,625471,278009,265794,18919,Régionales12015,7.12,44.45,1.95,Rose,#FF5E9A
61,Paul GIACOBBI,Divers gauche,LDVG,2015,Régionales,1,94,229866,137143,133989,24686,Régionales12015,18.42,59.66,1.37,Rose clair,#FFAECD
62,Paul GIACOBBI,Divers gauche,LDVG,2015,Régionales,1,94,229866,137143,133989,24686,Régionales12015,18.42,59.66,1.37,Rose,#FF5E9A
63,Paul GIACOBBI,Divers gauche,LDVG,2015,Régionales,2,94,229824,154042,149526,42607,Régionales22015,28.49,67.03,1.96,Rose clair,#FFAECD
64,Paul GIACOBBI,Divers gauche,LDVG,2015,Régionales,2,94,229824,154042,149526,42607,Régionales22015,28.49,67.03,1.96,Rose,#FF5E9A
65,Philippe SAUREL,Divers gauche,LDVG,2015,Régionales,1,76,4124642,2154655,2053576,102728,Régionales12015,5.0,52.24,2.45,Rose clair,#FFAECD
66,Philippe SAUREL,Divers gauche,LDVG,2015,Régionales,1,76,4124642,2154655,2053576,102728,Régionales12015,5.0,52.24,2.45,Rose,#FF5E9A
67,Rodolphe ALEXANDRE,Divers gauche,LDVG,2015,Régionales,1,03,88183,37585,36130,15298,Régionales12015,42.34,42.62,1.65,Rose clair,#FFAECD
68,Rodolphe ALEXANDRE,Divers gauche,LDVG,2015,Régionales,1,03,88183,37585,36130,15298,Régionales12015,42.34,42.62,1.65,Rose,#FF5E9A
69,Rodolphe ALEXANDRE,Divers gauche,LDVG,2015,Régionales,2,03,88202,41149,38991,21296,Régionales22015,54.62,46.65,2.45,Rose clair,#FFAECD
70,Rodolphe ALEXANDRE,Divers gauche,LDVG,2015,Régionales,2,03,88202,41149,38991,21296,Régionales22015,54.62,46.65,2.45,Rose,#FF5E9A
71,Serge LETCHIMY,Divers gauche,LDVG,2015,Régionales,1,02,310723,127716,120629,47002,Régionales12015,38.96,41.1,2.28,Rose clair,#FFAECD
72,Serge LETCHIMY,Divers gauche,LDVG,2015,Régionales,1,02,310723,127716,120629,47002,Régionales12015,38.96,41.1,2.28,Rose,#FF5E9A
73,Serge LETCHIMY,Divers gauche,LDVG,2015,Régionales,2,02,310455,162490,154317,70776,Régionales22015,45.86,52.34,2.63,Rose clair,#FFAECD
74,Serge LETCHIMY,Divers gauche,LDVG,2015,Régionales,2,02,310455,162490,154317,70776,Régionales22015,45.86,52.34,2.63,Rose,#FF5E9A
75,Alain ROUSSET,Union de la gauche,LUG,2015,Régionales,1,75,4269146,2175973,2068865,628667,Régionales12015,30.39,50.97,2.51,Rose clair,#FFAECD
76,Alain ROUSSET,Union de la gauche,LUG,2015,Régionales,1,75,4269146,2175973,2068865,628667,Régionales12015,30.39,50.97,2.51,Rose,#FF5E9A
77,Alain ROUSSET,Union de la gauche,LUG,2015,Régionales,2,75,4268772,2466376,2343298,1037371,Régionales22015,44.27,57.78,2.88,Rose clair,#FFAECD
78,Alain ROUSSET,Union de la gauche,LUG,2015,Régionales,2,75,4268772,2466376,2343298,1037371,Régionales22015,44.27,57.78,2.88,Rose,#FF5E9A
79,Carole DELGA,Union de la gauche,LUG,2015,Régionales,1,76,4124642,2154655,2053576,501322,Régionales12015,24.41,52.24,2.45,Rose clair,#FFAECD
80,Carole DELGA,Union de la gauche,LUG,2015,Régionales,1,76,4124642,2154655,2053576,501322,Régionales12015,24.41,52.24,2.45,Rose,#FF5E9A
81,Carole DELGA,Union de la gauche,LUG,2015,Régionales,2,76,4121310,2556086,2439233,1093091,Régionales22015,44.81,62.02,2.84,Rose clair,#FFAECD
82,Carole DELGA,Union de la gauche,LUG,2015,Régionales,2,76,4121310,2556086,2439233,1093091,Régionales22015,44.81,62.02,2.84,Rose,#FF5E9A
83,Christophe CASTANER,Union de la gauche,LUG,2015,Régionales,1,93,3526091,1831409,1775257,294398,Régionales12015,16.58,51.94,1.59,Rose clair,#FFAECD
84,Christophe CASTANER,Union de la gauche,LUG,2015,Régionales,1,93,3526091,1831409,1775257,294398,Régionales12015,16.58,51.94,1.59,Rose,#FF5E9A
85,Christophe CLERGEAU,Union de la gauche,LUG,2015,Régionales,1,52,2664831,1331536,1268942,326764,Régionales12015,25.75,49.97,2.35,Rose clair,#FFAECD
86,Christophe CLERGEAU,Union de la gauche,LUG,2015,Régionales,1,52,2664831,1331536,1268942,326764,Régionales12015,25.75,49.97,2.35,Rose,#FF5E9A
87,Christophe CLERGEAU,Union de la gauche,LUG,2015,Régionales,2,52,2664589,1525441,1452527,545594,Régionales22015,37.56,57.25,2.74,Rose clair,#FFAECD
88,Christophe CLERGEAU,Union de la gauche,LUG,2015,Régionales,2,52,2664589,1525441,1452527,545594,Régionales22015,37.56,57.25,2.74,Rose,#FF5E9A
89,Claude BARTOLONE,Union de la gauche,LUG,2015,Régionales,1,11,7087089,3252700,3153293,794322,Régionales12015,25.19,45.9,1.4,Rose clair,#FFAECD
90,Claude BARTOLONE,Union de la gauche,LUG,2015,Régionales,1,11,7087089,3252700,3153293,794322,Régionales12015,25.19,45.9,1.4,Rose,#FF5E9A
91,Claude BARTOLONE,Union de la gauche,LUG,2015,Régionales,2,11,7086172,3859296,3720165,1569262,Régionales22015,42.18,54.46,1.96,Rose clair,#FFAECD
92,Claude BARTOLONE,Union de la gauche,LUG,2015,Régionales,2,11,7086172,3859296,3720165,1569262,Régionales22015,42.18,54.46,1.96,Rose,#FF5E9A
93,François BONNEAU,Union de la gauche,LUG,2015,Régionales,1,24,1817345,900317,859957,209024,Régionales12015,24.31,49.54,2.22,Rose clair,#FFAECD
94,François BONNEAU,Union de la gauche,LUG,2015,Régionales,1,24,1817345,900317,859957,209024,Régionales12015,24.31,49.54,2.22,Rose,#FF5E9A
95,François BONNEAU,Union de la gauche,LUG,2015,Régionales,2,24,1817519,1076416,1028277,364217,Régionales22015,35.42,59.22,2.65,Rose clair,#FFAECD
96,François BONNEAU,Union de la gauche,LUG,2015,Régionales,2,24,1817519,1076416,1028277,364217,Régionales22015,35.42,59.22,2.65,Rose,#FF5E9A
97,Huguette BELLO,Union de la gauche,LUG,2015,Régionales,1,04,625471,278009,265794,63248,Régionales12015,23.8,44.45,1.95,Rose clair,#FFAECD
98,Huguette BELLO,Union de la gauche,LUG,2015,Régionales,1,04,625471,278009,265794,63248,Régionales12015,23.8,44.45,1.95,Rose,#FF5E9A
99,Jean-Jack QUEYRANNE,Union de la gauche,LUG,2015,Régionales,1,84,5310770,2597323,2507815,600112,Régionales12015,23.93,48.91,1.69,Rose clair,#FFAECD
100,Jean-Jack QUEYRANNE,Union de la gauche,LUG,2015,Régionales,1,84,5310770,2597323,2507815,600112,Régionales12015,23.93,48.91,1.69,Rose,#FF5E9A
101,Jean-Jack QUEYRANNE,Union de la gauche,LUG,2015,Régionales,2,84,5310464,3063198,2958455,1089756,Régionales22015,36.84,57.68,1.97,Rose clair,#FFAECD
102,Jean-Jack QUEYRANNE,Union de la gauche,LUG,2015,Régionales,2,84,5310464,3063198,2958455,1089756,Régionales22015,36.84,57.68,1.97,Rose,#FF5E9A
103,Jean-Pierre MASSERET,Union de la gauche,LUG,2015,Régionales,1,44,3885530,1861600,1777643,286390,Régionales12015,16.11,47.91,2.16,Rose clair,#FFAECD
104,Jean-Pierre MASSERET,Union de la gauche,LUG,2015,Régionales,1,44,3885530,1861600,1777643,286390,Régionales12015,16.11,47.91,2.16,Rose,#FF5E9A
105,Jean-Yves LE DRIAN,Union de la gauche,LUG,2015,Régionales,1,53,2421863,1249241,1202276,419846,Régionales12015,34.92,51.58,1.94,Rose clair,#FFAECD
106,Jean-Yves LE DRIAN,Union de la gauche,LUG,2015,Régionales,1,53,2421863,1249241,1202276,419846,Régionales12015,34.92,51.58,1.94,Rose,#FF5E9A
107,Jean-Yves LE DRIAN,Union de la gauche,LUG,2015,Régionales,2,53,2421628,1377445,1304825,670811,Régionales22015,51.41,56.88,3.0,Rose clair,#FFAECD
108,Jean-Yves LE DRIAN,Union de la gauche,LUG,2015,Régionales,2,53,2421628,1377445,1304825,670811,Régionales22015,51.41,56.88,3.0,Rose,#FF5E9A
109,Marie-Guite DUFAY,Union de la gauche,LUG,2015,Régionales,1,27,1996679,1009561,962968,221376,Régionales12015,22.99,50.56,2.33,Rose clair,#FFAECD
110,Marie-Guite DUFAY,Union de la gauche,LUG,2015,Régionales,1,27,1996679,1009561,962968,221376,Régionales12015,22.99,50.56,2.33,Rose,#FF5E9A
111,Marie-Guite DUFAY,Union de la gauche,LUG,2015,Régionales,2,27,1996576,1220862,1162045,402916,Régionales22015,34.67,61.15,2.95,Rose clair,#FFAECD
112,Marie-Guite DUFAY,Union de la gauche,LUG,2015,Régionales,2,27,1996576,1220862,1162045,402916,Régionales22015,34.67,61.15,2.95,Rose,#FF5E9A
113,Nicolas MAYER-ROSSIGNOL,Union de la gauche,LUG,2015,Régionales,1,28,2390813,1194273,1144411,269127,Régionales12015,23.52,49.95,2.09,Rose clair,#FFAECD
114,Nicolas MAYER-ROSSIGNOL,Union de la gauche,LUG,2015,Régionales,1,28,2390813,1194273,1144411,269127,Régionales12015,23.52,49.95,2.09,Rose,#FF5E9A
115,Nicolas MAYER-ROSSIGNOL,Union de la gauche,LUG,2015,Régionales,2,28,2390425,1412207,1360545,490847,Régionales22015,36.08,59.08,2.16,Rose clair,#FFAECD
116,Nicolas MAYER-ROSSIGNOL,Union de la gauche,LUG,2015,Régionales,2,28,2390425,1412207,1360545,490847,Régionales22015,36.08,59.08,2.16,Rose,#FF5E9A
117,Pierre DE SAINTIGNON,Union de la gauche,LUG,2015,Régionales,1,32,4237839,2322851,2236792,405199,Régionales12015,18.12,54.81,2.03,Rose clair,#FFAECD
118,Pierre DE SAINTIGNON,Union de la gauche,LUG,2015,Régionales,1,32,4237839,2322851,2236792,405199,Régionales12015,18.12,54.81,2.03,Rose,#FF5E9A
119,Alfred MARIE-JEANNE,Régionaliste,LREG,2015,Régionales,1,02,310723,127716,120629,36523,Régionales12015,30.28,41.1,2.28,Gris,#E0E0E0
120,Alfred MARIE-JEANNE,Régionaliste,LREG,2015,Régionales,2,02,310455,162490,154317,83541,Régionales22015,54.14,52.34,2.63,Gris,#E0E0E0
121,Aniel BOYER,Régionaliste,LREG,2015,Régionales,1,04,625471,278009,265794,1382,Régionales12015,0.52,44.45,1.95,Gris,#E0E0E0
122,Bertrand DELÉON,Régionaliste,LREG,2015,Régionales,1,53,2421863,1249241,1202276,6521,Régionales12015,0.54,51.58,1.94,Gris,#E0E0E0
123,Christian TROADEC,Régionaliste,LREG,2015,Régionales,1,53,2421863,1249241,1202276,80727,Régionales12015,6.71,51.58,1.94,Gris,#E0E0E0
124,Fabien CANAVY,Régionaliste,LREG,2015,Régionales,1,03,88183,37585,36130,2064,Régionales12015,5.71,42.62,1.65,Gris,#E0E0E0
125,Gilles DENIGOT,Régionaliste,LREG,2015,Régionales,1,52,2664831,1331536,1268942,16096,Régionales12015,1.27,49.97,2.35,Gris,#E0E0E0
126,Gilles SIMEONI,Régionaliste,LREG,2015,Régionales,1,94,229866,137143,133989,23603,Régionales12015,17.62,59.66,1.37,Gris,#E0E0E0
127,Gilles SIMEONI,Régionaliste,LREG,2015,Régionales,2,94,229824,154042,149526,52840,Régionales22015,35.34,67.03,1.96,Gris,#E0E0E0
128,Jean-Georges TROUILLET,Régionaliste,LREG,2015,Régionales,1,44,3885530,1861600,1777643,84147,Régionales12015,4.73,47.91,2.16,Gris,#E0E0E0
129,Jean-Guy TALAMONI,Régionaliste,LREG,2015,Régionales,1,94,229866,137143,133989,10353,Régionales12015,7.73,59.66,1.37,Gris,#E0E0E0
130,Marcellin NADEAU,Régionaliste,LREG,2015,Régionales,1,02,310723,127716,120629,7653,Régionales12015,6.34,41.1,2.28,Gris,#E0E0E0
131,Marie-Christine MYRE,Régionaliste,LREG,2015,Régionales,1,01,313433,147975,140454,697,Régionales12015,0.5,47.21,2.4,Gris,#E0E0E0
132,Paul-Félix BENEDETTI,Régionaliste,LREG,2015,Régionales,1,94,229866,137143,133989,3451,Régionales12015,2.58,59.66,1.37,Gris,#E0E0E0
133,Sylvio LÉTARD,Régionaliste,LREG,2015,Régionales,1,03,88183,37585,36130,174,Régionales12015,0.48,42.62,1.65,Gris,#E0E0E0
134,Alix PENLOUP,Debout la France,LDLF,2015,Régionales,1,24,1817345,900317,859957,39422,Régionales12015,4.58,49.54,2.22,Bleu marine,#0C295A
135,Cécile BAYLE DE JESSÉ,Debout la France,LDLF,2015,Régionales,1,52,2664831,1331536,1268942,51873,Régionales12015,4.09,49.97,2.35,Bleu marine,#0C295A
136,Damien LEMPEREUR,Debout la France,LDLF,2015,Régionales,1,76,4124642,2154655,2053576,80380,Régionales12015,3.91,52.24,2.45,Bleu marine,#0C295A
137,Gerbert RAMBAUD,Debout la France,LDLF,2015,Régionales,1,84,5310770,2597323,2507815,71538,Régionales12015,2.85,48.91,1.69,Bleu marine,#0C295A
138,Hyacinthe SANTONI,Debout la France,LDLF,2015,Régionales,1,94,229866,137143,133989,1500,Régionales12015,1.12,59.66,1.37,Bleu marine,#0C295A
139,Jean-Jack MOREL,Debout la France,LDLF,2015,Régionales,1,04,625471,278009,265794,978,Régionales12015,0.37,44.45,1.95,Bleu marine,#0C295A
140,Jean-Jacques FOUCHER,Debout la France,LDLF,2015,Régionales,1,53,2421863,1249241,1202276,34926,Régionales12015,2.9,51.58,1.94,Bleu marine,#0C295A
141,Jean-Philippe TANGUY,Debout la France,LDLF,2015,Régionales,1,32,4237839,2322851,2236792,53359,Régionales12015,2.39,54.81,2.03,Bleu marine,#0C295A
142,Laurent JACOBELLI,Debout la France,LDLF,2015,Régionales,1,44,3885530,1861600,1777643,84886,Régionales12015,4.78,47.91,2.16,Bleu marine,#0C295A
143,Maxime THIÉBAUT,Debout la France,LDLF,2015,Régionales,1,27,1996679,1009561,962968,49802,Régionales12015,5.17,50.56,2.33,Bleu marine,#0C295A
144,Nicolas CALBRIX,Debout la France,LDLF,2015,Régionales,1,28,2390813,1194273,1144411,47391,Régionales12015,4.14,49.95,2.09,Bleu marine,#0C295A
145,Nicolas DUPONT-AIGNAN,Debout la France,LDLF,2015,Régionales,1,11,7087089,3252700,3153293,207280,Régionales12015,6.57,45.9,1.4,Bleu marine,#0C295A
146,Noël CHUISANO,Debout la France,LDLF,2015,Régionales,1,93,3526091,1831409,1775257,34600,Régionales12015,1.95,51.94,1.59,Bleu marine,#0C295A
147,Yvon SETZE,Debout la France,LDLF,2015,Régionales,1,75,4269146,2175973,2068865,69276,Régionales12015,3.35,50.97,2.51,Bleu marine,#0C295A
148,Aurelien VERON,Divers droite,LDVD,2015,Régionales,1,11,7087089,3252700,3153293,23888,Régionales12015,0.76,45.9,1.4,Bleu,#045BFF
149,Camille DE ROCCA SERRA,Divers droite,LDVD,2015,Régionales,1,94,229866,137143,133989,17018,Régionales12015,12.7,59.66,1.37,Bleu,#045BFF
150,Eric LAFOND,Divers droite,LDVD,2015,Régionales,1,84,5310770,2597323,2507815,39187,Régionales12015,1.56,48.91,1.69,Bleu,#045BFF
151,Henri YOYOTTE,Divers droite,LDVD,2015,Régionales,1,01,313433,147975,140454,2220,Régionales12015,1.58,47.21,2.4,Bleu,#045BFF
152,Joseph VIRASSAMY,Divers droite,LDVD,2015,Régionales,1,02,310723,127716,120629,2475,Régionales12015,2.05,41.1,2.28,Bleu,#045BFF
153,Muriel ICARE NOUREL,Divers droite,LDVD,2015,Régionales,1,03,88183,37585,36130,573,Régionales12015,1.59,42.62,1.65,Bleu,#045BFF
154,Mélina SEYMOUR,Divers droite,LDVD,2015,Régionales,1,01,313433,147975,140454,4470,Régionales12015,3.18,47.21,2.4,Bleu,#045BFF
155,René-Paul VICTORIA,Divers droite,LDVD,2015,Régionales,1,04,625471,278009,265794,2704,Régionales12015,1.02,44.45,1.95,Bleu,#045BFF
156,Sylvain BLONDEL,Divers droite,LDVD,2015,Régionales,1,32,4237839,2322851,2236792,30319,Régionales12015,1.36,54.81,2.03,Bleu,#045BFF
157,Valérie SACHS,Divers droite,LDVD,2015,Régionales,1,11,7087089,3252700,3153293,19981,Régionales12015,0.63,45.9,1.4,Bleu,#045BFF
158,Benoît HAMON,Parti Socialiste,PS,2017,Présidentielles,1,01,316345,126651,112242,11165,Présidentielles12017,9.95,40.04,4.55,Rose,#FF5E9A
159,Benoît HAMON,Parti Socialiste,PS,2017,Présidentielles,1,02,310812,123957,109264,10661,Présidentielles12017,9.76,39.88,4.73,Rose,#FF5E9A
160,Benoît HAMON,Parti Socialiste,PS,2017,Présidentielles,1,03,92935,31925,26839,1529,Présidentielles12017,5.7,34.35,5.47,Rose,#FF5E9A
161,Benoît HAMON,Parti Socialiste,PS,2017,Présidentielles,1,04,639481,375252,350480,26872,Présidentielles12017,7.67,58.68,3.87,Rose,#FF5E9A
162,Benoît HAMON,Parti Socialiste,PS,2017,Présidentielles,1,06,83047,36187,33130,1434,Présidentielles12017,4.33,43.57,3.68,Rose,#FF5E9A
163,Benoît HAMON,Parti Socialiste,PS,2017,Présidentielles,1,11,7199231,5751509,5631456,430324,Présidentielles12017,7.64,79.89,1.67,Rose,#FF5E9A
164,Benoît HAMON,Parti Socialiste,PS,2017,Présidentielles,1,24,1827657,1466892,1427614,83552,Présidentielles12017,5.85,80.26,2.15,Rose,#FF5E9A
165,Benoît HAMON,Parti Socialiste,PS,2017,Présidentielles,1,27,2001725,1588715,1544962,87386,Présidentielles12017,5.66,79.37,2.19,Rose,#FF5E9A
166,Benoît HAMON,Parti Socialiste,PS,2017,Présidentielles,1,28,2398182,1939818,1891428,113705,Présidentielles12017,6.01,80.89,2.02,Rose,#FF5E9A
167,Benoît HAMON,Parti Socialiste,PS,2017,Présidentielles,1,32,4241887,3316694,3232524,166630,Présidentielles12017,5.15,78.19,1.98,Rose,#FF5E9A
168,Benoît HAMON,Parti Socialiste,PS,2017,Présidentielles,1,44,3873402,3047571,2971625,151296,Présidentielles12017,5.09,78.68,1.96,Rose,#FF5E9A
169,Benoît HAMON,Parti Socialiste,PS,2017,Présidentielles,1,52,2705170,2252699,2191921,143491,Présidentielles12017,6.55,83.27,2.25,Rose,#FF5E9A
170,Benoît HAMON,Parti Socialiste,PS,2017,Présidentielles,1,53,2453683,2048612,2000330,180827,Présidentielles12017,9.04,83.49,1.97,Rose,#FF5E9A
171,Benoît HAMON,Parti Socialiste,PS,2017,Présidentielles,1,75,4329942,3483794,3389374,240157,Présidentielles12017,7.09,80.46,2.18,Rose,#FF5E9A
172,Benoît HAMON,Parti Socialiste,PS,2017,Présidentielles,1,76,4194937,3400379,3316240,216349,Présidentielles12017,6.52,81.06,2.01,Rose,#FF5E9A
173,Benoît HAMON,Parti Socialiste,PS,2017,Présidentielles,1,84,5416712,4297161,4187716,256532,Présidentielles12017,6.13,79.33,2.02,Rose,#FF5E9A
174,Benoît HAMON,Parti Socialiste,PS,2017,Présidentielles,1,93,3567740,2810838,2750937,113365,Présidentielles12017,4.12,78.78,1.68,Rose,#FF5E9A
175,Benoît HAMON,Parti Socialiste,PS,2017,Présidentielles,1,94,233656,158991,154376,5780,Présidentielles12017,3.74,68.04,1.98,Rose,#FF5E9A
176,Benoît HAMON,Parti Socialiste,PS,2017,Présidentielles,1,ROM,432238,186961,178413,12141,Présidentielles12017,6.8,43.25,1.98,Rose,#FF5E9A
177,Bruno RETAILLEAU,Union de la droite,LUD,2015,Régionales,1,52,2664831,1331536,1268942,424951,Régionales12015,33.49,49.97,2.35,Bleu,#045BFF
178,Bruno RETAILLEAU,Union de la droite,LUD,2015,Régionales,2,52,2664589,1525441,1452527,620222,Régionales22015,42.7,57.25,2.74,Bleu,#045BFF
179,Christian ESTROSI,Union de la droite,LUD,2015,Régionales,1,93,3526091,1831409,1775257,469884,Régionales12015,26.47,51.94,1.59,Bleu,#045BFF
180,Christian ESTROSI,Union de la droite,LUD,2015,Régionales,2,93,3525272,2126074,1959693,1073516,Régionales22015,54.78,60.31,4.72,Bleu,#045BFF
181,Didier ROBERT,Union de la droite,LUD,2015,Régionales,1,04,625471,278009,265794,107281,Régionales12015,40.36,44.45,1.95,Bleu,#045BFF
182,Didier ROBERT,Union de la droite,LUD,2015,Régionales,2,04,625440,345747,329488,173592,Régionales22015,52.69,55.28,2.6,Bleu,#045BFF
183,Dominique REYNIÉ,Union de la droite,LUD,2015,Régionales,1,76,4124642,2154655,2053576,386987,Régionales12015,18.84,52.24,2.45,Bleu,#045BFF
184,Dominique REYNIÉ,Union de la droite,LUD,2015,Régionales,2,76,4121310,2556086,2439233,520028,Régionales22015,21.32,62.02,2.84,Bleu,#045BFF
185,François SAUVADET,Union de la droite,LUD,2015,Régionales,1,27,1996679,1009561,962968,231069,Régionales12015,24.0,50.56,2.33,Bleu,#045BFF
186,François SAUVADET,Union de la droite,LUD,2015,Régionales,2,27,1996576,1220862,1162045,382216,Régionales22015,32.89,61.15,2.95,Bleu,#045BFF
187,Hervé MORIN,Union de la droite,LUD,2015,Régionales,1,28,2390813,1194273,1144411,319357,Régionales12015,27.91,49.95,2.09,Bleu,#045BFF
188,Hervé MORIN,Union de la droite,LUD,2015,Régionales,2,28,2390425,1412207,1360545,495556,Régionales22015,36.42,59.08,2.16,Bleu,#045BFF
189,José ROSSI,Union de la droite,LUD,2015,Régionales,2,94,229824,154042,149526,40480,Régionales22015,27.07,67.03,1.96,Bleu,#045BFF
190,Laurent WAUQUIEZ,Union de la droite,LUD,2015,Régionales,1,84,5310770,2597323,2507815,795661,Régionales12015,31.73,48.91,1.69,Bleu,#045BFF
191,Laurent WAUQUIEZ,Union de la droite,LUD,2015,Régionales,2,84,5310464,3063198,2958455,1201597,Régionales22015,40.62,57.68,1.97,Bleu,#045BFF
192,Marc LE FUR,Union de la droite,LUD,2015,Régionales,1,53,2421863,1249241,1202276,282006,Régionales12015,23.46,51.58,1.94,Bleu,#045BFF
193,Marc LE FUR,Union de la droite,LUD,2015,Régionales,2,53,2421628,1377445,1304825,387837,Régionales22015,29.72,56.88,3.0,Bleu,#045BFF
194,Philippe RICHERT,Union de la droite,LUD,2015,Régionales,1,44,3885530,1861600,1777643,459212,Régionales12015,25.83,47.91,2.16,Bleu,#045BFF
195,Philippe RICHERT,Union de la droite,LUD,2015,Régionales,2,44,3885868,2293374,2189981,1060059,Régionales22015,48.4,59.02,2.66,Bleu,#045BFF
196,Philippe VIGIER,Union de la droite,LUD,2015,Régionales,1,24,1817345,900317,859957,225777,Régionales12015,26.25,49.54,2.22,Bleu,#045BFF
197,Philippe VIGIER,Union de la droite,LUD,2015,Régionales,2,24,1817519,1076416,1028277,355628,Régionales22015,34.58,59.22,2.65,Bleu,#045BFF
198,Valérie PECRESSE,Union de la droite,LUD,2015,Régionales,1,11,7087089,3252700,3153293,962119,Régionales12015,30.51,45.9,1.4,Bleu,#045BFF
199,Valérie PECRESSE,Union de la droite,LUD,2015,Régionales,2,11,7086172,3859296,3720165,1629410,Régionales22015,43.8,54.46,1.96,Bleu,#045BFF
200,Virginie CALMELS,Union de la droite,LUD,2015,Régionales,1,75,4269146,2175973,2068865,562500,Régionales12015,27.19,50.97,2.51,Bleu,#045BFF
201,Virginie CALMELS,Union de la droite,LUD,2015,Régionales,2,75,4268772,2466376,2343298,798138,Régionales22015,34.06,57.78,2.88,Bleu,#045BFF
202,Xavier BERTRAND,Union de la droite,LUD,2015,Régionales,1,32,4237839,2322851,2236792,558420,Régionales12015,24.97,54.81,2.03,Bleu,#045BFF
203,Xavier BERTRAND,Union de la droite,LUD,2015,Régionales,2,32,4237939,2595417,2405002,1389340,Régionales22015,57.77,61.24,4.49,Bleu,#045BFF
204,Chantal GOMEZ,Extrême gauche,LEXG,2015,Régionales,1,84,5310770,2597323,2507815,31359,Régionales12015,1.25,48.91,1.69,Rouge,#EE4A40
205,Claire ROCHER,Extrême gauche,LEXG,2015,Régionales,1,27,1996679,1009561,962968,14518,Régionales12015,1.51,50.56,2.33,Rouge,#EE4A40
206,Eddy LE BELLER,Extrême gauche,LEXG,2015,Régionales,1,52,2664831,1331536,1268942,18626,Régionales12015,1.47,49.97,2.35,Rouge,#EE4A40
207,Eric PECQUEUR,Extrême gauche,LEXG,2015,Régionales,1,32,4237839,2322851,2236792,39041,Régionales12015,1.75,54.81,2.03,Rouge,#EE4A40
208,Farida MEGDOUD,Extrême gauche,LEXG,2015,Régionales,1,24,1817345,900317,859957,14612,Régionales12015,1.7,49.54,2.22,Rouge,#EE4A40
209,Gael ROBLIN,Extrême gauche,LEXG,2015,Régionales,1,53,2421863,1249241,1202276,7465,Régionales12015,0.62,51.58,1.94,Rouge,#EE4A40
210,Ghislaine JOACHIM-ARNAUD,Extrême gauche,LEXG,2015,Régionales,1,02,310723,127716,120629,2460,Régionales12015,2.04,41.1,2.28,Rouge,#EE4A40
211,Guillaume PERCHET,Extrême gauche,LEXG,2015,Régionales,1,75,4269146,2175973,2068865,29206,Régionales12015,1.41,50.97,2.51,Rouge,#EE4A40
212,Isabelle BONNET,Extrême gauche,LEXG,2015,Régionales,1,93,3526091,1831409,1775257,26279,Régionales12015,1.48,51.94,1.59,Rouge,#EE4A40
213,Jean Yves PAYET,Extrême gauche,LEXG,2015,Régionales,1,04,625471,278009,265794,1263,Régionales12015,0.48,44.45,1.95,Rouge,#EE4A40
214,Jean-Marie NOMERTIN,Extrême gauche,LEXG,2015,Régionales,1,01,313433,147975,140454,1992,Régionales12015,1.42,47.21,2.4,Rouge,#EE4A40
215,Julien WOSTYN,Extrême gauche,LEXG,2015,Régionales,1,44,3885530,1861600,1777643,26347,Régionales12015,1.48,47.91,2.16,Rouge,#EE4A40
216,Nathalie ARTHAUD,Extrême gauche,LEXG,2015,Régionales,1,11,7087089,3252700,3153293,44182,Régionales12015,1.4,45.9,1.4,Rouge,#EE4A40
217,Olivier TERRIEN,Extrême gauche,LEXG,2015,Régionales,1,52,2664831,1331536,1268942,2164,Régionales12015,0.17,49.97,2.35,Rouge,#EE4A40
218,Pascal LE MANACH,Extrême gauche,LEXG,2015,Régionales,1,28,2390813,1194273,1144411,20975,Régionales12015,1.83,49.95,2.09,Rouge,#EE4A40
219,Sandra TORREMOCHA,Extrême gauche,LEXG,2015,Régionales,1,76,4124642,2154655,2053576,37182,Régionales12015,1.81,52.24,2.45,Rouge,#EE4A40
220,Valérie HAMON,Extrême gauche,LEXG,2015,Régionales,1,53,2421863,1249241,1202276,16445,Régionales12015,1.37,51.58,1.94,Rouge,#EE4A40
221,Charles FOURNIER,Europe-Ecologie-Les Verts,LVEC,2015,Régionales,1,24,1817345,900317,859957,56754,Régionales12015,6.6,49.54,2.22,Vert,#44EE8B
222,Cécile PRUDHOMME,Europe-Ecologie-Les Verts,LVEC,2015,Régionales,1,27,1996679,1009561,962968,37707,Régionales12015,3.92,50.56,2.33,Vert,#44EE8B
223,Emmanuelle COSSE,Europe-Ecologie-Les Verts,LVEC,2015,Régionales,1,11,7087089,3252700,3153293,253153,Régionales12015,8.03,45.9,1.4,Vert,#44EE8B
224,Françoise COUTANT,Europe-Ecologie-Les Verts,LVEC,2015,Régionales,1,75,4269146,2175973,2068865,115782,Régionales12015,5.6,50.97,2.51,Vert,#44EE8B
225,René LOUAIL,Europe-Ecologie-Les Verts,LVEC,2015,Régionales,1,53,2421863,1249241,1202276,80516,Régionales12015,6.7,51.58,1.94,Vert,#44EE8B
226,Sandrine BÉLIER,Europe-Ecologie-Les Verts,LVEC,2015,Régionales,1,44,3885530,1861600,1777643,119091,Régionales12015,6.7,47.91,2.16,Vert,#44EE8B
227,Sophie BRINGUY,Europe-Ecologie-Les Verts,LVEC,2015,Régionales,1,52,2664831,1331536,1268942,99253,Régionales12015,7.82,49.97,2.35,Vert,#44EE8B
228,Yanic SOUBIEN,Europe-Ecologie-Les Verts,LVEC,2015,Régionales,1,28,2390813,1194273,1144411,70231,Régionales12015,6.14,49.95,2.09,Vert,#44EE8B
229,Christophe BOUDOT,Front National,LFN,2015,Régionales,1,84,5310770,2597323,2507815,639923,Régionales12015,25.52,48.91,1.69,Bleu marine,#0C295A
230,Christophe BOUDOT,Front National,LFN,2015,Régionales,2,84,5310464,3063198,2958455,667102,Régionales22015,22.55,57.68,1.97,Bleu marine,#0C295A
231,Christophe CANIONI,Front National,LFN,2015,Régionales,1,94,229866,137143,133989,14176,Régionales12015,10.58,59.66,1.37,Bleu marine,#0C295A
232,Christophe CANIONI,Front National,LFN,2015,Régionales,2,94,229824,154042,149526,13599,Régionales22015,9.09,67.03,1.96,Bleu marine,#0C295A
233,Florian PHILIPPOT,Front National,LFN,2015,Régionales,1,44,3885530,1861600,1777643,641234,Régionales12015,36.07,47.91,2.16,Bleu marine,#0C295A
234,Florian PHILIPPOT,Front National,LFN,2015,Régionales,2,44,3885868,2293374,2189981,790166,Régionales22015,36.08,59.02,2.66,Bleu marine,#0C295A
235,Gilles PENNELLE,Front National,LFN,2015,Régionales,1,53,2421863,1249241,1202276,218474,Régionales12015,18.17,51.58,1.94,Bleu marine,#0C295A
236,Gilles PENNELLE,Front National,LFN,2015,Régionales,2,53,2421628,1377445,1304825,246177,Régionales22015,18.87,56.88,3.0,Bleu marine,#0C295A
237,Jacques COLOMBIER,Front National,LFN,2015,Régionales,1,75,4269146,2175973,2068865,480621,Régionales12015,23.23,50.97,2.51,Bleu marine,#0C295A
238,Jacques COLOMBIER,Front National,LFN,2015,Régionales,2,75,4268772,2466376,2343298,507789,Régionales22015,21.67,57.78,2.88,Bleu marine,#0C295A
239,Joseph GRONDIN,Front National,LFN,2015,Régionales,1,04,625471,278009,265794,6355,Régionales12015,2.39,44.45,1.95,Bleu marine,#0C295A
240,Louis ALIOT,Front National,LFN,2015,Régionales,1,76,4124642,2154655,2053576,653573,Régionales12015,31.83,52.24,2.45,Bleu marine,#0C295A
241,Louis ALIOT,Front National,LFN,2015,Régionales,2,76,4121310,2556086,2439233,826114,Régionales22015,33.87,62.02,2.84,Bleu marine,#0C295A
242,Marine LE PEN,Front National,LFN,2015,Régionales,1,32,4237839,2322851,2236792,909035,Régionales12015,40.64,54.81,2.03,Bleu marine,#0C295A
243,Marine LE PEN,Front National,LFN,2015,Régionales,2,32,4237939,2595417,2405002,1015662,Régionales22015,42.23,61.24,4.49,Bleu marine,#0C295A
244,Marion MARÉCHAL-LE PEN,Front National,LFN,2015,Régionales,1,93,3526091,1831409,1775257,719746,Régionales12015,40.54,51.94,1.59,Bleu marine,#0C295A
245,Marion MARÉCHAL-LE PEN,Front National,LFN,2015,Régionales,2,93,3525272,2126074,1959693,886177,Régionales22015,45.22,60.31,4.72,Bleu marine,#0C295A
246,Nicolas BAY,Front National,LFN,2015,Régionales,1,28,2390813,1194273,1144411,317118,Régionales12015,27.71,49.95,2.09,Bleu marine,#0C295A
247,Nicolas BAY,Front National,LFN,2015,Régionales,2,28,2390425,1412207,1360545,374142,Régionales22015,27.5,59.08,2.16,Bleu marine,#0C295A
248,Pascal GANNAT,Front National,LFN,2015,Régionales,1,52,2664831,1331536,1268942,270888,Régionales12015,21.35,49.97,2.35,Bleu marine,#0C295A
249,Pascal GANNAT,Front National,LFN,2015,Régionales,2,52,2664589,1525441,1452527,286711,Régionales22015,19.74,57.25,2.74,Bleu marine,#0C295A
250,Philippe LOISEAU,Front National,LFN,2015,Régionales,1,24,1817345,900317,859957,262156,Régionales12015,30.48,49.54,2.22,Bleu marine,#0C295A
251,Philippe LOISEAU,Front National,LFN,2015,Régionales,2,24,1817519,1076416,1028277,308432,Régionales22015,30.0,59.22,2.65,Bleu marine,#0C295A
252,Sophie MONTEL,Front National,LFN,2015,Régionales,1,27,1996679,1009561,962968,303143,Régionales12015,31.48,50.56,2.33,Bleu marine,#0C295A
253,Sophie MONTEL,Front National,LFN,2015,Régionales,2,27,1996576,1220862,1162045,376913,Régionales22015,32.44,61.15,2.95,Bleu marine,#0C295A
254,Stephan VIENNET,Front National,LFN,2015,Régionales,1,01,313433,147975,140454,1973,Régionales12015,1.4,47.21,2.4,Bleu marine,#0C295A
255,Wallerand DE SAINT JUST,Front National,LFN,2015,Régionales,1,11,7087089,3252700,3153293,580499,Régionales12015,18.41,45.9,1.4,Bleu marine,#0C295A
256,Wallerand DE SAINT JUST,Front National,LFN,2015,Régionales,2,11,7086172,3859296,3720165,521493,Régionales22015,14.02,54.46,1.96,Bleu marine,#0C295A
257,Christophe CAVARD,Écologiste,LECO,2015,Régionales,1,76,4124642,2154655,2053576,34936,Régionales12015,1.7,52.24,2.45,Vert,#44EE8B
258,Jean Marc GOVERNATORI,Écologiste,LECO,2015,Régionales,1,93,3526091,1831409,1775257,71901,Régionales12015,4.05,51.94,1.59,Vert,#44EE8B
259,Julien GONZALEZ,Écologiste,LECO,2015,Régionales,1,27,1996679,1009561,962968,20616,Régionales12015,2.14,50.56,2.33,Vert,#44EE8B
260,Christophe GRUDLER,Modem,LMDM,2015,Régionales,1,27,1996679,1009561,962968,31431,Régionales12015,3.26,50.56,2.33,Orange,#FF8948
261,Thierry ROBERT,Modem,LMDM,2015,Régionales,1,04,625471,278009,265794,54021,Régionales12015,20.32,44.45,1.95,Orange,#FF8948
262,Dominique BUCCHINI,Front de Gauche,LFG,2015,Régionales,1,94,229866,137143,133989,7448,Régionales12015,5.56,59.66,1.37,Rouge,#EE4A40
263,Nathalie VERMOREL,Front de Gauche,LFG,2015,Régionales,1,27,1996679,1009561,962968,44471,Régionales12015,4.62,50.56,2.33,Rouge,#EE4A40
264,Olivier DARTIGOLLES,Front de Gauche,LFG,2015,Régionales,1,75,4269146,2175973,2068865,100380,Régionales12015,4.85,50.97,2.51,Rouge,#EE4A40
265,Patrick PERON,Front de Gauche,LFG,2015,Régionales,1,44,3885530,1861600,1777643,57165,Régionales12015,3.22,47.91,2.16,Rouge,#EE4A40
266,Pierre LAURENT,Front de Gauche,LFG,2015,Régionales,1,11,7087089,3252700,3153293,208943,Régionales12015,6.63,45.9,1.4,Rouge,#EE4A40
267,Sébastien JUMEL,Front de Gauche,LFG,2015,Régionales,1,28,2390813,1194273,1144411,80590,Régionales12015,7.04,49.95,2.09,Rouge,#EE4A40
268,Xavier COMPAIN,Front de Gauche,LFG,2015,Régionales,1,53,2421863,1249241,1202276,44938,Régionales12015,3.74,51.58,1.94,Rouge,#EE4A40
269,Emmanuel MACRON,En Marche !,EM,2017,Présidentielles,1,01,316345,126651,112242,33930,Présidentielles12017,30.23,40.04,4.55,Jaune,#FFCE3E
270,Emmanuel MACRON,En Marche !,EM,2017,Présidentielles,1,02,310812,123957,109264,27893,Présidentielles12017,25.53,39.88,4.73,Jaune,#FFCE3E
271,Emmanuel MACRON,En Marche !,EM,2017,Présidentielles,1,03,92935,31925,26839,5031,Présidentielles12017,18.75,34.35,5.47,Jaune,#FFCE3E
272,Emmanuel MACRON,En Marche !,EM,2017,Présidentielles,1,04,639481,375252,350480,66292,Présidentielles12017,18.91,58.68,3.87,Jaune,#FFCE3E
273,Emmanuel MACRON,En Marche !,EM,2017,Présidentielles,1,06,83047,36187,33130,6364,Présidentielles12017,19.21,43.57,3.68,Jaune,#FFCE3E
274,Emmanuel MACRON,En Marche !,EM,2017,Présidentielles,1,11,7199231,5751509,5631456,1612516,Présidentielles12017,28.63,79.89,1.67,Jaune,#FFCE3E
275,Emmanuel MACRON,En Marche !,EM,2017,Présidentielles,1,24,1827657,1466892,1427614,323725,Présidentielles12017,22.68,80.26,2.15,Jaune,#FFCE3E
276,Emmanuel MACRON,En Marche !,EM,2017,Présidentielles,1,27,2001725,1588715,1544962,338191,Présidentielles12017,21.89,79.37,2.19,Jaune,#FFCE3E
277,Emmanuel MACRON,En Marche !,EM,2017,Présidentielles,1,28,2398182,1939818,1891428,422960,Présidentielles12017,22.36,80.89,2.02,Jaune,#FFCE3E
278,Emmanuel MACRON,En Marche !,EM,2017,Présidentielles,1,32,4241887,3316694,3232524,630285,Présidentielles12017,19.5,78.19,1.98,Jaune,#FFCE3E
279,Emmanuel MACRON,En Marche !,EM,2017,Présidentielles,1,44,3873402,3047571,2971625,615776,Présidentielles12017,20.72,78.68,1.96,Jaune,#FFCE3E
280,Emmanuel MACRON,En Marche !,EM,2017,Présidentielles,1,52,2705170,2252699,2191921,575832,Présidentielles12017,26.27,83.27,2.25,Jaune,#FFCE3E
281,Emmanuel MACRON,En Marche !,EM,2017,Présidentielles,1,53,2453683,2048612,2000330,581076,Présidentielles12017,29.05,83.49,1.97,Jaune,#FFCE3E
282,Emmanuel MACRON,En Marche !,EM,2017,Présidentielles,1,75,4329942,3483794,3389374,851304,Présidentielles12017,25.12,80.46,2.18,Jaune,#FFCE3E
283,Emmanuel MACRON,En Marche !,EM,2017,Présidentielles,1,76,4194937,3400379,3316240,740031,Présidentielles12017,22.32,81.06,2.01,Jaune,#FFCE3E
284,Emmanuel MACRON,En Marche !,EM,2017,Présidentielles,1,84,5416712,4297161,4187716,1025872,Présidentielles12017,24.5,79.33,2.02,Jaune,#FFCE3E
285,Emmanuel MACRON,En Marche !,EM,2017,Présidentielles,1,93,3567740,2810838,2750937,520978,Présidentielles12017,18.94,78.78,1.68,Jaune,#FFCE3E
286,Emmanuel MACRON,En Marche !,EM,2017,Présidentielles,1,94,233656,158991,154376,28528,Présidentielles12017,18.48,68.04,1.98,Jaune,#FFCE3E
287,Emmanuel MACRON,En Marche !,EM,2017,Présidentielles,1,ROM,432238,186961,178413,25883,Présidentielles12017,14.51,43.25,1.98,Jaune,#FFCE3E
288,Emmanuel MACRON,En Marche !,EM,2017,Présidentielles,2,01,316062,155610,133945,100635,Présidentielles22017,75.13,49.23,6.85,Jaune,#FFCE3E
289,Emmanuel MACRON,En Marche !,EM,2017,Présidentielles,2,02,310673,156134,134502,104307,Présidentielles22017,77.55,50.26,6.96,Jaune,#FFCE3E
290,Emmanuel MACRON,En Marche !,EM,2017,Présidentielles,2,03,92601,38685,33546,21769,Présidentielles22017,64.89,41.78,5.55,Jaune,#FFCE3E
291,Emmanuel MACRON,En Marche !,EM,2017,Présidentielles,2,04,639391,402250,351998,212081,Présidentielles22017,60.25,62.91,7.86,Jaune,#FFCE3E
292,Emmanuel MACRON,En Marche !,EM,2017,Présidentielles,2,06,82482,37723,33514,19140,Présidentielles22017,57.11,45.73,5.1,Jaune,#FFCE3E
293,Emmanuel MACRON,En Marche !,EM,2017,Présidentielles,2,11,7194953,5374712,4858965,3825279,Présidentielles22017,78.73,74.7,7.17,Jaune,#FFCE3E
294,Emmanuel MACRON,En Marche !,EM,2017,Présidentielles,2,24,1827599,1401729,1228723,777973,Présidentielles22017,63.32,76.7,9.47,Jaune,#FFCE3E
295,Emmanuel MACRON,En Marche !,EM,2017,Présidentielles,2,27,2001305,1548103,1348644,815709,Présidentielles22017,60.48,77.35,9.97,Jaune,#FFCE3E
296,Emmanuel MACRON,En Marche !,EM,2017,Présidentielles,2,28,2397069,1850300,1633534,1012062,Présidentielles22017,61.96,77.19,9.04,Jaune,#FFCE3E
297,Emmanuel MACRON,En Marche !,EM,2017,Présidentielles,2,32,4241543,3181359,2828570,1497401,Présidentielles22017,52.94,75.0,8.32,Jaune,#FFCE3E
298,Emmanuel MACRON,En Marche !,EM,2017,Présidentielles,2,44,3873152,2916968,2590008,1500652,Présidentielles22017,57.94,75.31,8.44,Jaune,#FFCE3E
299,Emmanuel MACRON,En Marche !,EM,2017,Présidentielles,2,52,2705034,2124844,1864549,1350276,Présidentielles22017,72.42,78.55,9.62,Jaune,#FFCE3E
300,Emmanuel MACRON,En Marche !,EM,2017,Présidentielles,2,53,2453233,1954928,1726688,1301226,Présidentielles22017,75.36,79.69,9.3,Jaune,#FFCE3E
301,Emmanuel MACRON,En Marche !,EM,2017,Présidentielles,2,75,4329082,3370241,2929305,2011068,Présidentielles22017,68.65,77.85,10.19,Jaune,#FFCE3E
302,Emmanuel MACRON,En Marche !,EM,2017,Présidentielles,2,76,4193817,3216862,2793669,1759816,Présidentielles22017,62.99,76.7,10.09,Jaune,#FFCE3E
303,Emmanuel MACRON,En Marche !,EM,2017,Présidentielles,2,84,5414461,4141707,3652917,2452191,Présidentielles22017,67.13,76.49,9.03,Jaune,#FFCE3E
304,Emmanuel MACRON,En Marche !,EM,2017,Présidentielles,2,93,3565160,2652228,2355752,1306636,Présidentielles22017,55.47,74.39,8.32,Jaune,#FFCE3E
305,Emmanuel MACRON,En Marche !,EM,2017,Présidentielles,2,94,233633,149482,129801,66819,Présidentielles22017,51.48,63.98,8.42,Jaune,#FFCE3E
306,Emmanuel MACRON,En Marche !,EM,2017,Présidentielles,2,ROM,432213,213508,197214,111744,Présidentielles22017,56.66,49.4,3.77,Jaune,#FFCE3E
307,Emmanuelle DE GENTILI,Parti Socialiste,LSOC,2015,Régionales,1,94,229866,137143,133989,4353,Régionales12015,3.25,59.66,1.37,Rose,#FF5E9A
308,Victorin LUREL,Parti Socialiste,LSOC,2015,Régionales,1,01,313433,147975,140454,57717,Régionales12015,41.09,47.21,2.4,Rose,#FF5E9A
309,Victorin LUREL,Parti Socialiste,LSOC,2015,Régionales,2,01,313433,179669,171277,72811,Régionales22015,42.51,57.32,2.68,Rose,#FF5E9A
310,François ASSELINEAU,Union Populaire Républicaine,UPR,2017,Présidentielles,1,01,316345,126651,112242,1312,Présidentielles12017,1.17,40.04,4.55,Gris,#E0E0E0
311,François ASSELINEAU,Union Populaire Républicaine,UPR,2017,Présidentielles,1,02,310812,123957,109264,1407,Présidentielles12017,1.29,39.88,4.73,Gris,#E0E0E0
312,François ASSELINEAU,Union Populaire Républicaine,UPR,2017,Présidentielles,1,03,92935,31925,26839,480,Présidentielles12017,1.79,34.35,5.47,Gris,#E0E0E0
313,François ASSELINEAU,Union Populaire Républicaine,UPR,2017,Présidentielles,1,04,639481,375252,350480,6029,Présidentielles12017,1.72,58.68,3.87,Gris,#E0E0E0
314,François ASSELINEAU,Union Populaire Républicaine,UPR,2017,Présidentielles,1,06,83047,36187,33130,408,Présidentielles12017,1.23,43.57,3.68,Gris,#E0E0E0
315,François ASSELINEAU,Union Populaire Républicaine,UPR,2017,Présidentielles,1,11,7199231,5751509,5631456,64391,Présidentielles12017,1.14,79.89,1.67,Gris,#E0E0E0
316,François ASSELINEAU,Union Populaire Républicaine,UPR,2017,Présidentielles,1,24,1827657,1466892,1427614,12075,Présidentielles12017,0.85,80.26,2.15,Gris,#E0E0E0
317,François ASSELINEAU,Union Populaire Républicaine,UPR,2017,Présidentielles,1,27,2001725,1588715,1544962,14332,Présidentielles12017,0.93,79.37,2.19,Gris,#E0E0E0
318,François ASSELINEAU,Union Populaire Républicaine,UPR,2017,Présidentielles,1,28,2398182,1939818,1891428,14301,Présidentielles12017,0.76,80.89,2.02,Gris,#E0E0E0
319,François ASSELINEAU,Union Populaire Républicaine,UPR,2017,Présidentielles,1,32,4241887,3316694,3232524,26043,Présidentielles12017,0.81,78.19,1.98,Gris,#E0E0E0
320,François ASSELINEAU,Union Populaire Républicaine,UPR,2017,Présidentielles,1,44,3873402,3047571,2971625,30223,Présidentielles12017,1.02,78.68,1.96,Gris,#E0E0E0
321,François ASSELINEAU,Union Populaire Républicaine,UPR,2017,Présidentielles,1,52,2705170,2252699,2191921,15529,Présidentielles12017,0.71,83.27,2.25,Gris,#E0E0E0
322,François ASSELINEAU,Union Populaire Républicaine,UPR,2017,Présidentielles,1,53,2453683,2048612,2000330,13419,Présidentielles12017,0.67,83.49,1.97,Gris,#E0E0E0
323,François ASSELINEAU,Union Populaire Républicaine,UPR,2017,Présidentielles,1,75,4329942,3483794,3389374,26664,Présidentielles12017,0.79,80.46,2.18,Gris,#E0E0E0
324,François ASSELINEAU,Union Populaire Républicaine,UPR,2017,Présidentielles,1,76,4194937,3400379,3316240,28603,Présidentielles12017,0.86,81.06,2.01,Gris,#E0E0E0
325,François ASSELINEAU,Union Populaire Républicaine,UPR,2017,Présidentielles,1,84,5416712,4297161,4187716,41336,Présidentielles12017,0.99,79.33,2.02,Gris,#E0E0E0
326,François ASSELINEAU,Union Populaire Républicaine,UPR,2017,Présidentielles,1,93,3567740,2810838,2750937,25950,Présidentielles12017,0.94,78.78,1.68,Gris,#E0E0E0
327,François ASSELINEAU,Union Populaire Républicaine,UPR,2017,Présidentielles,1,94,233656,158991,154376,965,Présidentielles12017,0.63,68.04,1.98,Gris,#E0E0E0
328,François ASSELINEAU,Union Populaire Républicaine,UPR,2017,Présidentielles,1,ROM,432238,186961,178413,3502,Présidentielles12017,1.96,43.25,1.98,Gris,#E0E0E0
329,François FILLON,Les Républicains,LR,2017,Présidentielles,1,01,316345,126651,112242,16305,Présidentielles12017,14.53,40.04,4.55,Bleu,#045BFF
330,François FILLON,Les Républicains,LR,2017,Présidentielles,1,02,310812,123957,109264,18400,Présidentielles12017,16.84,39.88,4.73,Bleu,#045BFF
331,François FILLON,Les Républicains,LR,2017,Présidentielles,1,03,92935,31925,26839,3935,Présidentielles12017,14.66,34.35,5.47,Bleu,#045BFF
332,François FILLON,Les Républicains,LR,2017,Présidentielles,1,04,639481,375252,350480,60508,Présidentielles12017,17.26,58.68,3.87,Bleu,#045BFF
333,François FILLON,Les Républicains,LR,2017,Présidentielles,1,06,83047,36187,33130,10808,Présidentielles12017,32.62,43.57,3.68,Bleu,#045BFF
334,François FILLON,Les Républicains,LR,2017,Présidentielles,1,11,7199231,5751509,5631456,1249586,Présidentielles12017,22.19,79.89,1.67,Bleu,#045BFF
335,François FILLON,Les Républicains,LR,2017,Présidentielles,1,24,1827657,1466892,1427614,300325,Présidentielles12017,21.04,80.26,2.15,Bleu,#045BFF
336,François FILLON,Les Républicains,LR,2017,Présidentielles,1,27,2001725,1588715,1544962,304391,Présidentielles12017,19.7,79.37,2.19,Bleu,#045BFF
337,François FILLON,Les Républicains,LR,2017,Présidentielles,1,28,2398182,1939818,1891428,370105,Présidentielles12017,19.57,80.89,2.02,Bleu,#045BFF
338,François FILLON,Les Républicains,LR,2017,Présidentielles,1,32,4241887,3316694,3232524,521373,Présidentielles12017,16.13,78.19,1.98,Bleu,#045BFF
339,François FILLON,Les Républicains,LR,2017,Présidentielles,1,44,3873402,3047571,2971625,586390,Présidentielles12017,19.73,78.68,1.96,Bleu,#045BFF
340,François FILLON,Les Républicains,LR,2017,Présidentielles,1,52,2705170,2252699,2191921,516428,Présidentielles12017,23.56,83.27,2.25,Bleu,#045BFF
341,François FILLON,Les Républicains,LR,2017,Présidentielles,1,53,2453683,2048612,2000330,380815,Présidentielles12017,19.04,83.49,1.97,Bleu,#045BFF
342,François FILLON,Les Républicains,LR,2017,Présidentielles,1,75,4329942,3483794,3389374,602830,Présidentielles12017,17.79,80.46,2.18,Bleu,#045BFF
343,François FILLON,Les Républicains,LR,2017,Présidentielles,1,76,4194937,3400379,3316240,566036,Présidentielles12017,17.07,81.06,2.01,Bleu,#045BFF
344,François FILLON,Les Républicains,LR,2017,Présidentielles,1,84,5416712,4297161,4187716,845905,Présidentielles12017,20.2,79.33,2.02,Bleu,#045BFF
345,François FILLON,Les Républicains,LR,2017,Présidentielles,1,93,3567740,2810838,2750937,615524,Présidentielles12017,22.38,78.78,1.68,Bleu,#045BFF
346,François FILLON,Les Républicains,LR,2017,Présidentielles,1,94,233656,158991,154376,39453,Présidentielles12017,25.56,68.04,1.98,Bleu,#045BFF
347,François FILLON,Les Républicains,LR,2017,Présidentielles,1,ROM,432238,186961,178413,58049,Présidentielles12017,32.54,43.25,1.98,Bleu,#045BFF
348,Gérard ONESTA,EELV et gauche,LVEG,2015,Régionales,1,76,4124642,2154655,2053576,210602,Régionales12015,10.26,52.24,2.45,Vert,#44EE8B
349,Jean-Charles KOHLHAAS,EELV et gauche,LVEG,2015,Régionales,1,84,5310770,2597323,2507815,173038,Régionales12015,6.9,48.91,1.69,Vert,#44EE8B
350,Sandrine ROUSSEAU,EELV et gauche,LVEG,2015,Régionales,1,32,4237839,2322851,2236792,107993,Régionales12015,4.83,54.81,2.03,Vert,#44EE8B
351,Sophie CAMARD,EELV et gauche,LVEG,2015,Régionales,1,93,3526091,1831409,1775257,116125,Régionales12015,6.54,51.94,1.59,Vert,#44EE8B
352,Jacques BOMPARD,Extrême droite,LEXD,2015,Régionales,1,93,3526091,1831409,1775257,19889,Régionales12015,1.12,51.94,1.59,Bleu marine,#0C295A
353,Jean-Claude MARTINEZ,Extrême droite,LEXD,2015,Régionales,1,76,4124642,2154655,2053576,14172,Régionales12015,0.69,52.24,2.45,Bleu marine,#0C295A
354,Jacques CHEMINADE,Solidarité et progrès,SP,2017,Présidentielles,1,01,316345,126651,112242,326,Présidentielles12017,0.29,40.04,4.55,Gris,#E0E0E0
355,Jacques CHEMINADE,Solidarité et progrès,SP,2017,Présidentielles,1,02,310812,123957,109264,373,Présidentielles12017,0.34,39.88,4.73,Gris,#E0E0E0
356,Jacques CHEMINADE,Solidarité et progrès,SP,2017,Présidentielles,1,03,92935,31925,26839,98,Présidentielles12017,0.37,34.35,5.47,Gris,#E0E0E0
357,Jacques CHEMINADE,Solidarité et progrès,SP,2017,Présidentielles,1,04,639481,375252,350480,944,Présidentielles12017,0.27,58.68,3.87,Gris,#E0E0E0
358,Jacques CHEMINADE,Solidarité et progrès,SP,2017,Présidentielles,1,06,83047,36187,33130,163,Présidentielles12017,0.49,43.57,3.68,Gris,#E0E0E0
359,Jacques CHEMINADE,Solidarité et progrès,SP,2017,Présidentielles,1,11,7199231,5751509,5631456,9795,Présidentielles12017,0.17,79.89,1.67,Gris,#E0E0E0
360,Jacques CHEMINADE,Solidarité et progrès,SP,2017,Présidentielles,1,24,1827657,1466892,1427614,2882,Présidentielles12017,0.2,80.26,2.15,Gris,#E0E0E0
361,Jacques CHEMINADE,Solidarité et progrès,SP,2017,Présidentielles,1,27,2001725,1588715,1544962,2843,Présidentielles12017,0.18,79.37,2.19,Gris,#E0E0E0
362,Jacques CHEMINADE,Solidarité et progrès,SP,2017,Présidentielles,1,28,2398182,1939818,1891428,3544,Présidentielles12017,0.19,80.89,2.02,Gris,#E0E0E0
363,Jacques CHEMINADE,Solidarité et progrès,SP,2017,Présidentielles,1,32,4241887,3316694,3232524,5688,Présidentielles12017,0.18,78.19,1.98,Gris,#E0E0E0
364,Jacques CHEMINADE,Solidarité et progrès,SP,2017,Présidentielles,1,44,3873402,3047571,2971625,6078,Présidentielles12017,0.2,78.68,1.96,Gris,#E0E0E0
365,Jacques CHEMINADE,Solidarité et progrès,SP,2017,Présidentielles,1,52,2705170,2252699,2191921,3731,Présidentielles12017,0.17,83.27,2.25,Gris,#E0E0E0
366,Jacques CHEMINADE,Solidarité et progrès,SP,2017,Présidentielles,1,53,2453683,2048612,2000330,3400,Présidentielles12017,0.17,83.49,1.97,Gris,#E0E0E0
367,Jacques CHEMINADE,Solidarité et progrès,SP,2017,Présidentielles,1,75,4329942,3483794,3389374,6262,Présidentielles12017,0.18,80.46,2.18,Gris,#E0E0E0
368,Jacques CHEMINADE,Solidarité et progrès,SP,2017,Présidentielles,1,76,4194937,3400379,3316240,5524,Présidentielles12017,0.17,81.06,2.01,Gris,#E0E0E0
369,Jacques CHEMINADE,Solidarité et progrès,SP,2017,Présidentielles,1,84,5416712,4297161,4187716,7597,Présidentielles12017,0.18,79.33,2.02,Gris,#E0E0E0
370,Jacques CHEMINADE,Solidarité et progrès,SP,2017,Présidentielles,1,93,3567740,2810838,2750937,4569,Présidentielles12017,0.17,78.78,1.68,Gris,#E0E0E0
371,Jacques CHEMINADE,Solidarité et progrès,SP,2017,Présidentielles,1,94,233656,158991,154376,253,Présidentielles12017,0.16,68.04,1.98,Gris,#E0E0E0
372,Jacques CHEMINADE,Solidarité et progrès,SP,2017,Présidentielles,1,ROM,432238,186961,178413,486,Présidentielles12017,0.27,43.25,1.98,Gris,#E0E0E0
373,Jean LASSALLE,Résistons,Résistons,2017,Présidentielles,1,01,316345,126651,112242,650,Présidentielles12017,0.58,40.04,4.55,Gris,#E0E0E0
374,Jean LASSALLE,Résistons,Résistons,2017,Présidentielles,1,02,310812,123957,109264,870,Présidentielles12017,0.8,39.88,4.73,Gris,#E0E0E0
375,Jean LASSALLE,Résistons,Résistons,2017,Présidentielles,1,03,92935,31925,26839,273,Présidentielles12017,1.02,34.35,5.47,Gris,#E0E0E0
376,Jean LASSALLE,Résistons,Résistons,2017,Présidentielles,1,04,639481,375252,350480,1939,Présidentielles12017,0.55,58.68,3.87,Gris,#E0E0E0
377,Jean LASSALLE,Résistons,Résistons,2017,Présidentielles,1,06,83047,36187,33130,182,Présidentielles12017,0.55,43.57,3.68,Gris,#E0E0E0
378,Jean LASSALLE,Résistons,Résistons,2017,Présidentielles,1,11,7199231,5751509,5631456,36350,Présidentielles12017,0.65,79.89,1.67,Gris,#E0E0E0
379,Jean LASSALLE,Résistons,Résistons,2017,Présidentielles,1,24,1827657,1466892,1427614,13570,Présidentielles12017,0.95,80.26,2.15,Gris,#E0E0E0
380,Jean LASSALLE,Résistons,Résistons,2017,Présidentielles,1,27,2001725,1588715,1544962,15847,Présidentielles12017,1.03,79.37,2.19,Gris,#E0E0E0
381,Jean LASSALLE,Résistons,Résistons,2017,Présidentielles,1,28,2398182,1939818,1891428,13896,Présidentielles12017,0.73,80.89,2.02,Gris,#E0E0E0
382,Jean LASSALLE,Résistons,Résistons,2017,Présidentielles,1,32,4241887,3316694,3232524,22410,Présidentielles12017,0.69,78.19,1.98,Gris,#E0E0E0
383,Jean LASSALLE,Résistons,Résistons,2017,Présidentielles,1,44,3873402,3047571,2971625,30508,Présidentielles12017,1.03,78.68,1.96,Gris,#E0E0E0
384,Jean LASSALLE,Résistons,Résistons,2017,Présidentielles,1,52,2705170,2252699,2191921,16988,Présidentielles12017,0.78,83.27,2.25,Gris,#E0E0E0
385,Jean LASSALLE,Résistons,Résistons,2017,Présidentielles,1,53,2453683,2048612,2000330,19097,Présidentielles12017,0.95,83.49,1.97,Gris,#E0E0E0
386,Jean LASSALLE,Résistons,Résistons,2017,Présidentielles,1,75,4329942,3483794,3389374,91904,Présidentielles12017,2.71,80.46,2.18,Gris,#E0E0E0
387,Jean LASSALLE,Résistons,Résistons,2017,Présidentielles,1,76,4194937,3400379,3316240,75482,Présidentielles12017,2.28,81.06,2.01,Gris,#E0E0E0
388,Jean LASSALLE,Résistons,Résistons,2017,Présidentielles,1,84,5416712,4297161,4187716,53247,Présidentielles12017,1.27,79.33,2.02,Gris,#E0E0E0
389,Jean LASSALLE,Résistons,Résistons,2017,Présidentielles,1,93,3567740,2810838,2750937,29554,Présidentielles12017,1.07,78.78,1.68,Gris,#E0E0E0
390,Jean LASSALLE,Résistons,Résistons,2017,Présidentielles,1,94,233656,158991,154376,8711,Présidentielles12017,5.64,68.04,1.98,Gris,#E0E0E0
391,Jean LASSALLE,Résistons,Résistons,2017,Présidentielles,1,ROM,432238,186961,178413,1293,Présidentielles12017,0.72,43.25,1.98,Gris,#E0E0E0
392,Jean ZUCCARELLI,Parti radical de gauche,LRDG,2015,Régionales,1,94,229866,137143,133989,4227,Régionales12015,3.15,59.66,1.37,Rose clair,#FFAECD
393,Jean-Luc MÉLENCHON,France insoumise,LFI,2017,Présidentielles,1,01,316345,126651,112242,27081,Présidentielles12017,24.13,40.04,4.55,Rouge,#EE4A40
394,Jean-Luc MÉLENCHON,France insoumise,LFI,2017,Présidentielles,1,02,310812,123957,109264,29903,Présidentielles12017,27.37,39.88,4.73,Rouge,#EE4A40
395,Jean-Luc MÉLENCHON,France insoumise,LFI,2017,Présidentielles,1,03,92935,31925,26839,6633,Présidentielles12017,24.71,34.35,5.47,Rouge,#EE4A40
396,Jean-Luc MÉLENCHON,France insoumise,LFI,2017,Présidentielles,1,04,639481,375252,350480,85987,Présidentielles12017,24.53,58.68,3.87,Rouge,#EE4A40
397,Jean-Luc MÉLENCHON,France insoumise,LFI,2017,Présidentielles,1,06,83047,36187,33130,2789,Présidentielles12017,8.42,43.57,3.68,Rouge,#EE4A40
398,Jean-Luc MÉLENCHON,France insoumise,LFI,2017,Présidentielles,1,11,7199231,5751509,5631456,1224978,Présidentielles12017,21.75,79.89,1.67,Rouge,#EE4A40
399,Jean-Luc MÉLENCHON,France insoumise,LFI,2017,Présidentielles,1,24,1827657,1466892,1427614,252308,Présidentielles12017,17.67,80.26,2.15,Rouge,#EE4A40
400,Jean-Luc MÉLENCHON,France insoumise,LFI,2017,Présidentielles,1,27,2001725,1588715,1544962,276958,Présidentielles12017,17.93,79.37,2.19,Rouge,#EE4A40
401,Jean-Luc MÉLENCHON,France insoumise,LFI,2017,Présidentielles,1,28,2398182,1939818,1891428,362426,Présidentielles12017,19.16,80.89,2.02,Rouge,#EE4A40
402,Jean-Luc MÉLENCHON,France insoumise,LFI,2017,Présidentielles,1,32,4241887,3316694,3232524,633313,Présidentielles12017,19.59,78.19,1.98,Rouge,#EE4A40
403,Jean-Luc MÉLENCHON,France insoumise,LFI,2017,Présidentielles,1,44,3873402,3047571,2971625,484810,Présidentielles12017,16.31,78.68,1.96,Rouge,#EE4A40
404,Jean-Luc MÉLENCHON,France insoumise,LFI,2017,Présidentielles,1,52,2705170,2252699,2191921,403455,Présidentielles12017,18.41,83.27,2.25,Rouge,#EE4A40
405,Jean-Luc MÉLENCHON,France insoumise,LFI,2017,Présidentielles,1,53,2453683,2048612,2000330,385736,Présidentielles12017,19.28,83.49,1.97,Rouge,#EE4A40
406,Jean-Luc MÉLENCHON,France insoumise,LFI,2017,Présidentielles,1,75,4329942,3483794,3389374,703439,Présidentielles12017,20.75,80.46,2.18,Rouge,#EE4A40
407,Jean-Luc MÉLENCHON,France insoumise,LFI,2017,Présidentielles,1,76,4194937,3400379,3316240,734193,Présidentielles12017,22.14,81.06,2.01,Rouge,#EE4A40
408,Jean-Luc MÉLENCHON,France insoumise,LFI,2017,Présidentielles,1,84,5416712,4297161,4187716,805588,Présidentielles12017,19.24,79.33,2.02,Rouge,#EE4A40
409,Jean-Luc MÉLENCHON,France insoumise,LFI,2017,Présidentielles,1,93,3567740,2810838,2750937,515415,Présidentielles12017,18.74,78.78,1.68,Rouge,#EE4A40
410,Jean-Luc MÉLENCHON,France insoumise,LFI,2017,Présidentielles,1,94,233656,158991,154376,21314,Présidentielles12017,13.81,68.04,1.98,Rouge,#EE4A40
411,Jean-Luc MÉLENCHON,France insoumise,LFI,2017,Présidentielles,1,ROM,432238,186961,178413,15933,Présidentielles12017,8.93,43.25,1.98,Rouge,#EE4A40
412,José ROSSI,Les Républicains,LLR,2015,Régionales,1,94,229866,137143,133989,17642,Régionales12015,13.17,59.66,1.37,Bleu,#045BFF
413,Laurent BERNIER,Les Républicains,LLR,2015,Régionales,1,01,313433,147975,140454,6312,Régionales12015,4.49,47.21,2.4,Bleu,#045BFF
414,Rémy Louis BUDOC,Les Républicains,LLR,2015,Régionales,1,03,88183,37585,36130,1114,Régionales12015,3.08,42.62,1.65,Bleu,#045BFF
415,Yan MONPLAISIR,Les Républicains,LLR,2015,Régionales,1,02,310723,127716,120629,17272,Régionales12015,14.32,41.1,2.28,Bleu,#045BFF
416,Marine LE PEN,Front National,FN,2017,Présidentielles,1,01,316345,126651,112242,15159,Présidentielles12017,13.51,40.04,4.55,Bleu marine,#0C295A
417,Marine LE PEN,Front National,FN,2017,Présidentielles,1,02,310812,123957,109264,11949,Présidentielles12017,10.94,39.88,4.73,Bleu marine,#0C295A
418,Marine LE PEN,Front National,FN,2017,Présidentielles,1,03,92935,31925,26839,6521,Présidentielles12017,24.3,34.35,5.47,Bleu marine,#0C295A
419,Marine LE PEN,Front National,FN,2017,Présidentielles,1,04,639481,375252,350480,82219,Présidentielles12017,23.46,58.68,3.87,Bleu marine,#0C295A
420,Marine LE PEN,Front National,FN,2017,Présidentielles,1,06,83047,36187,33130,9008,Présidentielles12017,27.19,43.57,3.68,Bleu marine,#0C295A
421,Marine LE PEN,Front National,FN,2017,Présidentielles,1,11,7199231,5751509,5631456,708026,Présidentielles12017,12.57,79.89,1.67,Bleu marine,#0C295A
422,Marine LE PEN,Front National,FN,2017,Présidentielles,1,24,1827657,1466892,1427614,329470,Présidentielles12017,23.08,80.26,2.15,Bleu marine,#0C295A
423,Marine LE PEN,Front National,FN,2017,Présidentielles,1,27,2001725,1588715,1544962,387662,Présidentielles12017,25.09,79.37,2.19,Bleu marine,#0C295A
424,Marine LE PEN,Front National,FN,2017,Présidentielles,1,28,2398182,1939818,1891428,452586,Présidentielles12017,23.93,80.89,2.02,Bleu marine,#0C295A
425,Marine LE PEN,Front National,FN,2017,Présidentielles,1,32,4241887,3316694,3232524,1003216,Présidentielles12017,31.04,78.19,1.98,Bleu marine,#0C295A
426,Marine LE PEN,Front National,FN,2017,Présidentielles,1,44,3873402,3047571,2971625,825604,Présidentielles12017,27.78,78.68,1.96,Bleu marine,#0C295A
427,Marine LE PEN,Front National,FN,2017,Présidentielles,1,52,2705170,2252699,2191921,364267,Présidentielles12017,16.62,83.27,2.25,Bleu marine,#0C295A
428,Marine LE PEN,Front National,FN,2017,Présidentielles,1,53,2453683,2048612,2000330,306644,Présidentielles12017,15.33,83.49,1.97,Bleu marine,#0C295A
429,Marine LE PEN,Front National,FN,2017,Présidentielles,1,75,4329942,3483794,3389374,640148,Présidentielles12017,18.89,80.46,2.18,Bleu marine,#0C295A
430,Marine LE PEN,Front National,FN,2017,Présidentielles,1,76,4194937,3400379,3316240,762087,Présidentielles12017,22.98,81.06,2.01,Bleu marine,#0C295A
431,Marine LE PEN,Front National,FN,2017,Présidentielles,1,84,5416712,4297161,4187716,867591,Présidentielles12017,20.72,79.33,2.02,Bleu marine,#0C295A
432,Marine LE PEN,Front National,FN,2017,Présidentielles,1,93,3567740,2810838,2750937,774781,Présidentielles12017,28.16,78.78,1.68,Bleu marine,#0C295A
433,Marine LE PEN,Front National,FN,2017,Présidentielles,1,94,233656,158991,154376,43041,Présidentielles12017,27.88,68.04,1.98,Bleu marine,#0C295A
434,Marine LE PEN,Front National,FN,2017,Présidentielles,1,ROM,432238,186961,178413,52586,Présidentielles12017,29.47,43.25,1.98,Bleu marine,#0C295A
435,Marine LE PEN,Front National,FN,2017,Présidentielles,2,01,316062,155610,133945,33310,Présidentielles22017,24.87,49.23,6.85,Bleu marine,#0C295A
436,Marine LE PEN,Front National,FN,2017,Présidentielles,2,02,310673,156134,134502,30195,Présidentielles22017,22.45,50.26,6.96,Bleu marine,#0C295A
437,Marine LE PEN,Front National,FN,2017,Présidentielles,2,03,92601,38685,33546,11777,Présidentielles22017,35.11,41.78,5.55,Bleu marine,#0C295A
438,Marine LE PEN,Front National,FN,2017,Présidentielles,2,04,639391,402250,351998,139917,Présidentielles22017,39.75,62.91,7.86,Bleu marine,#0C295A
439,Marine LE PEN,Front National,FN,2017,Présidentielles,2,06,82482,37723,33514,14374,Présidentielles22017,42.89,45.73,5.1,Bleu marine,#0C295A
440,Marine LE PEN,Front National,FN,2017,Présidentielles,2,11,7194953,5374712,4858965,1033686,Présidentielles22017,21.27,74.7,7.17,Bleu marine,#0C295A
441,Marine LE PEN,Front National,FN,2017,Présidentielles,2,24,1827599,1401729,1228723,450750,Présidentielles22017,36.68,76.7,9.47,Bleu marine,#0C295A
442,Marine LE PEN,Front National,FN,2017,Présidentielles,2,27,2001305,1548103,1348644,532935,Présidentielles22017,39.52,77.35,9.97,Bleu marine,#0C295A
443,Marine LE PEN,Front National,FN,2017,Présidentielles,2,28,2397069,1850300,1633534,621472,Présidentielles22017,38.04,77.19,9.04,Bleu marine,#0C295A
444,Marine LE PEN,Front National,FN,2017,Présidentielles,2,32,4241543,3181359,2828570,1331169,Présidentielles22017,47.06,75.0,8.32,Bleu marine,#0C295A
445,Marine LE PEN,Front National,FN,2017,Présidentielles,2,44,3873152,2916968,2590008,1089356,Présidentielles22017,42.06,75.31,8.44,Bleu marine,#0C295A
446,Marine LE PEN,Front National,FN,2017,Présidentielles,2,52,2705034,2124844,1864549,514273,Présidentielles22017,27.58,78.55,9.62,Bleu marine,#0C295A
447,Marine LE PEN,Front National,FN,2017,Présidentielles,2,53,2453233,1954928,1726688,425462,Présidentielles22017,24.64,79.69,9.3,Bleu marine,#0C295A
448,Marine LE PEN,Front National,FN,2017,Présidentielles,2,75,4329082,3370241,2929305,918237,Présidentielles22017,31.35,77.85,10.19,Bleu marine,#0C295A
449,Marine LE PEN,Front National,FN,2017,Présidentielles,2,76,4193817,3216862,2793669,1033853,Présidentielles22017,37.01,76.7,10.09,Bleu marine,#0C295A
450,Marine LE PEN,Front National,FN,2017,Présidentielles,2,84,5414461,4141707,3652917,1200726,Présidentielles22017,32.87,76.49,9.03,Bleu marine,#0C295A
451,Marine LE PEN,Front National,FN,2017,Présidentielles,2,93,3565160,2652228,2355752,1049116,Présidentielles22017,44.53,74.39,8.32,Bleu marine,#0C295A
452,Marine LE PEN,Front National,FN,2017,Présidentielles,2,94,233633,149482,129801,62982,Présidentielles22017,48.52,63.98,8.42,Bleu marine,#0C295A
453,Marine LE PEN,Front National,FN,2017,Présidentielles,2,ROM,432213,213508,197214,85470,Présidentielles22017,43.34,49.4,3.77,Bleu marine,#0C295A
454,Nathalie ARTHAUD,Lutte ouvrière,LO,2017,Présidentielles,1,01,316345,126651,112242,1972,Présidentielles12017,1.76,40.04,4.55,Rouge,#EE4A40
455,Nathalie ARTHAUD,Lutte ouvrière,LO,2017,Présidentielles,1,02,310812,123957,109264,2253,Présidentielles12017,2.06,39.88,4.73,Rouge,#EE4A40
456,Nathalie ARTHAUD,Lutte ouvrière,LO,2017,Présidentielles,1,03,92935,31925,26839,462,Présidentielles12017,1.72,34.35,5.47,Rouge,#EE4A40
457,Nathalie ARTHAUD,Lutte ouvrière,LO,2017,Présidentielles,1,04,639481,375252,350480,5190,Présidentielles12017,1.48,58.68,3.87,Rouge,#EE4A40
458,Nathalie ARTHAUD,Lutte ouvrière,LO,2017,Présidentielles,1,06,83047,36187,33130,334,Présidentielles12017,1.01,43.57,3.68,Rouge,#EE4A40
459,Nathalie ARTHAUD,Lutte ouvrière,LO,2017,Présidentielles,1,11,7199231,5751509,5631456,23582,Présidentielles12017,0.42,79.89,1.67,Rouge,#EE4A40
460,Nathalie ARTHAUD,Lutte ouvrière,LO,2017,Présidentielles,1,24,1827657,1466892,1427614,11365,Présidentielles12017,0.8,80.26,2.15,Rouge,#EE4A40
461,Nathalie ARTHAUD,Lutte ouvrière,LO,2017,Présidentielles,1,27,2001725,1588715,1544962,11496,Présidentielles12017,0.74,79.37,2.19,Rouge,#EE4A40
462,Nathalie ARTHAUD,Lutte ouvrière,LO,2017,Présidentielles,1,28,2398182,1939818,1891428,15194,Présidentielles12017,0.8,80.89,2.02,Rouge,#EE4A40
463,Nathalie ARTHAUD,Lutte ouvrière,LO,2017,Présidentielles,1,32,4241887,3316694,3232524,29193,Présidentielles12017,0.9,78.19,1.98,Rouge,#EE4A40
464,Nathalie ARTHAUD,Lutte ouvrière,LO,2017,Présidentielles,1,44,3873402,3047571,2971625,24272,Présidentielles12017,0.82,78.68,1.96,Rouge,#EE4A40
465,Nathalie ARTHAUD,Lutte ouvrière,LO,2017,Présidentielles,1,52,2705170,2252699,2191921,16018,Présidentielles12017,0.73,83.27,2.25,Rouge,#EE4A40
466,Nathalie ARTHAUD,Lutte ouvrière,LO,2017,Présidentielles,1,53,2453683,2048612,2000330,14296,Présidentielles12017,0.71,83.49,1.97,Rouge,#EE4A40
467,Nathalie ARTHAUD,Lutte ouvrière,LO,2017,Présidentielles,1,75,4329942,3483794,3389374,21439,Présidentielles12017,0.63,80.46,2.18,Rouge,#EE4A40
468,Nathalie ARTHAUD,Lutte ouvrière,LO,2017,Présidentielles,1,76,4194937,3400379,3316240,16776,Présidentielles12017,0.51,81.06,2.01,Rouge,#EE4A40
469,Nathalie ARTHAUD,Lutte ouvrière,LO,2017,Présidentielles,1,84,5416712,4297161,4187716,24656,Présidentielles12017,0.59,79.33,2.02,Rouge,#EE4A40
470,Nathalie ARTHAUD,Lutte ouvrière,LO,2017,Présidentielles,1,93,3567740,2810838,2750937,10437,Présidentielles12017,0.38,78.78,1.68,Rouge,#EE4A40
471,Nathalie ARTHAUD,Lutte ouvrière,LO,2017,Présidentielles,1,94,233656,158991,154376,495,Présidentielles12017,0.32,68.04,1.98,Rouge,#EE4A40
472,Nathalie ARTHAUD,Lutte ouvrière,LO,2017,Présidentielles,1,ROM,432238,186961,178413,1642,Présidentielles12017,0.92,43.25,1.98,Rouge,#EE4A40
473,Nicolas DUPONT-AIGNAN,Debout la France,DLF,2017,Présidentielles,1,01,316345,126651,112242,2042,Présidentielles12017,1.82,40.04,4.55,Bleu marine,#0C295A
474,Nicolas DUPONT-AIGNAN,Debout la France,DLF,2017,Présidentielles,1,02,310812,123957,109264,2338,Présidentielles12017,2.14,39.88,4.73,Bleu marine,#0C295A
475,Nicolas DUPONT-AIGNAN,Debout la France,DLF,2017,Présidentielles,1,03,92935,31925,26839,472,Présidentielles12017,1.76,34.35,5.47,Bleu marine,#0C295A
476,Nicolas DUPONT-AIGNAN,Debout la France,DLF,2017,Présidentielles,1,04,639481,375252,350480,10123,Présidentielles12017,2.89,58.68,3.87,Bleu marine,#0C295A
477,Nicolas DUPONT-AIGNAN,Debout la France,DLF,2017,Présidentielles,1,06,83047,36187,33130,1019,Présidentielles12017,3.08,43.57,3.68,Bleu marine,#0C295A
478,Nicolas DUPONT-AIGNAN,Debout la France,DLF,2017,Présidentielles,1,11,7199231,5751509,5631456,226203,Présidentielles12017,4.02,79.89,1.67,Bleu marine,#0C295A
479,Nicolas DUPONT-AIGNAN,Debout la France,DLF,2017,Présidentielles,1,24,1827657,1466892,1427614,82060,Présidentielles12017,5.75,80.26,2.15,Bleu marine,#0C295A
480,Nicolas DUPONT-AIGNAN,Debout la France,DLF,2017,Présidentielles,1,27,2001725,1588715,1544962,87267,Présidentielles12017,5.65,79.37,2.19,Bleu marine,#0C295A
481,Nicolas DUPONT-AIGNAN,Debout la France,DLF,2017,Présidentielles,1,28,2398182,1939818,1891428,98907,Présidentielles12017,5.23,80.89,2.02,Bleu marine,#0C295A
482,Nicolas DUPONT-AIGNAN,Debout la France,DLF,2017,Présidentielles,1,32,4241887,3316694,3232524,160721,Présidentielles12017,4.97,78.19,1.98,Bleu marine,#0C295A
483,Nicolas DUPONT-AIGNAN,Debout la France,DLF,2017,Présidentielles,1,44,3873402,3047571,2971625,182200,Présidentielles12017,6.13,78.68,1.96,Bleu marine,#0C295A
484,Nicolas DUPONT-AIGNAN,Debout la France,DLF,2017,Présidentielles,1,52,2705170,2252699,2191921,109842,Présidentielles12017,5.01,83.27,2.25,Bleu marine,#0C295A
485,Nicolas DUPONT-AIGNAN,Debout la France,DLF,2017,Présidentielles,1,53,2453683,2048612,2000330,87928,Présidentielles12017,4.4,83.49,1.97,Bleu marine,#0C295A
486,Nicolas DUPONT-AIGNAN,Debout la France,DLF,2017,Présidentielles,1,75,4329942,3483794,3389374,155581,Présidentielles12017,4.59,80.46,2.18,Bleu marine,#0C295A
487,Nicolas DUPONT-AIGNAN,Debout la France,DLF,2017,Présidentielles,1,76,4194937,3400379,3316240,135403,Présidentielles12017,4.08,81.06,2.01,Bleu marine,#0C295A
488,Nicolas DUPONT-AIGNAN,Debout la France,DLF,2017,Présidentielles,1,84,5416712,4297161,4187716,215883,Présidentielles12017,5.16,79.33,2.02,Bleu marine,#0C295A
489,Nicolas DUPONT-AIGNAN,Debout la France,DLF,2017,Présidentielles,1,93,3567740,2810838,2750937,119050,Présidentielles12017,4.33,78.78,1.68,Bleu marine,#0C295A
490,Nicolas DUPONT-AIGNAN,Debout la France,DLF,2017,Présidentielles,1,94,233656,158991,154376,4462,Présidentielles12017,2.89,68.04,1.98,Bleu marine,#0C295A
491,Nicolas DUPONT-AIGNAN,Debout la France,DLF,2017,Présidentielles,1,ROM,432238,186961,178413,4662,Présidentielles12017,2.61,43.25,1.98,Bleu marine,#0C295A
492,Philippe PETIT,Union des démocrates et indépendants,LUDI,2015,Régionales,1,02,310723,127716,120629,1818,Régionales12015,1.51,41.1,2.28,Bleu ciel,#39C3FF
493,Philippe POUTOU,Nouveau Parti Anticapitaliste,NPA,2017,Présidentielles,1,01,316345,126651,112242,2300,Présidentielles12017,2.05,40.04,4.55,Rouge,#EE4A40
494,Philippe POUTOU,Nouveau Parti Anticapitaliste,NPA,2017,Présidentielles,1,02,310812,123957,109264,3217,Présidentielles12017,2.94,39.88,4.73,Rouge,#EE4A40
495,Philippe POUTOU,Nouveau Parti Anticapitaliste,NPA,2017,Présidentielles,1,03,92935,31925,26839,1405,Présidentielles12017,5.23,34.35,5.47,Rouge,#EE4A40
496,Philippe POUTOU,Nouveau Parti Anticapitaliste,NPA,2017,Présidentielles,1,04,639481,375252,350480,4377,Présidentielles12017,1.25,58.68,3.87,Rouge,#EE4A40
497,Philippe POUTOU,Nouveau Parti Anticapitaliste,NPA,2017,Présidentielles,1,06,83047,36187,33130,621,Présidentielles12017,1.87,43.57,3.68,Rouge,#EE4A40
498,Philippe POUTOU,Nouveau Parti Anticapitaliste,NPA,2017,Présidentielles,1,11,7199231,5751509,5631456,45705,Présidentielles12017,0.81,79.89,1.67,Rouge,#EE4A40
499,Philippe POUTOU,Nouveau Parti Anticapitaliste,NPA,2017,Présidentielles,1,24,1827657,1466892,1427614,16282,Présidentielles12017,1.14,80.26,2.15,Rouge,#EE4A40
500,Philippe POUTOU,Nouveau Parti Anticapitaliste,NPA,2017,Présidentielles,1,27,2001725,1588715,1544962,18533,Présidentielles12017,1.2,79.37,2.19,Rouge,#EE4A40
501,Philippe POUTOU,Nouveau Parti Anticapitaliste,NPA,2017,Présidentielles,1,28,2398182,1939818,1891428,23804,Présidentielles12017,1.26,80.89,2.02,Rouge,#EE4A40
502,Philippe POUTOU,Nouveau Parti Anticapitaliste,NPA,2017,Présidentielles,1,32,4241887,3316694,3232524,33652,Présidentielles12017,1.04,78.19,1.98,Rouge,#EE4A40
503,Philippe POUTOU,Nouveau Parti Anticapitaliste,NPA,2017,Présidentielles,1,44,3873402,3047571,2971625,34468,Présidentielles12017,1.16,78.68,1.96,Rouge,#EE4A40
504,Philippe POUTOU,Nouveau Parti Anticapitaliste,NPA,2017,Présidentielles,1,52,2705170,2252699,2191921,26340,Présidentielles12017,1.2,83.27,2.25,Rouge,#EE4A40
505,Philippe POUTOU,Nouveau Parti Anticapitaliste,NPA,2017,Présidentielles,1,53,2453683,2048612,2000330,27092,Présidentielles12017,1.35,83.49,1.97,Rouge,#EE4A40
506,Philippe POUTOU,Nouveau Parti Anticapitaliste,NPA,2017,Présidentielles,1,75,4329942,3483794,3389374,49646,Présidentielles12017,1.46,80.46,2.18,Rouge,#EE4A40
507,Philippe POUTOU,Nouveau Parti Anticapitaliste,NPA,2017,Présidentielles,1,76,4194937,3400379,3316240,35216,Présidentielles12017,1.06,81.06,2.01,Rouge,#EE4A40
508,Philippe POUTOU,Nouveau Parti Anticapitaliste,NPA,2017,Présidentielles,1,84,5416712,4297161,4187716,43509,Présidentielles12017,1.04,79.33,2.02,Rouge,#EE4A40
509,Philippe POUTOU,Nouveau Parti Anticapitaliste,NPA,2017,Présidentielles,1,93,3567740,2810838,2750937,21314,Présidentielles12017,0.77,78.78,1.68,Rouge,#EE4A40
510,Philippe POUTOU,Nouveau Parti Anticapitaliste,NPA,2017,Présidentielles,1,94,233656,158991,154376,1374,Présidentielles12017,0.89,68.04,1.98,Rouge,#EE4A40
511,Philippe POUTOU,Nouveau Parti Anticapitaliste,NPA,2017,Présidentielles,1,ROM,432238,186961,178413,2236,Présidentielles12017,1.25,43.25,1.98,Rouge,#EE4A40
